id,post_id,author_handle,content_text,fetched_at
tt_7645537329968336135_7645686982526747400,tt_7645537329968336135,ghientaoha,50k tim lập nhóm chỉ lun,1781335838
tt_7645537329968336135_7645644597088371474,tt_7645537329968336135,kietnek568123,k lập đc tk ngân hàng luôn 😭 bất lực,1781335838
tt_7645537329968336135_7645701970690704149,tt_7645537329968336135,phamtu29066,có ngân hàng r t dùng Zalo pay lmj nx,1781335838
tt_7645537329968336135_7646244723842646804,tt_7645537329968336135,1000891307204.lov,mấy bà vào zalopay mini app trong zalo bank dc bth á.,1781335838
tt_7645537329968336135_7645639394905817863,tt_7645537329968336135,_baokhanh2_,Ib t chỉ 🥰,1781335838
tt_7645537329968336135_7646824852824916743,tt_7645537329968336135,zlpaii23,Tui chỉ cho Free nè,1781335838
tt_7645537329968336135_7645660320509756181,tt_7645537329968336135,dieuthu_011,mb bank mà lập nè,1781335838
tt_7645537329968336135_7649320247054762760,tt_7645537329968336135,h0phjhugf,giờ chuyển dc bth r nhé,1781335838
tt_7645537329968336135_7645709288560247559,tt_7645537329968336135,nq_th23,ib t chỉ,1781335838
tt_7645537329968336135_7645665797583356679,tt_7645537329968336135,malai.12,ib tui chỉ,1781335838
tt_7645537329968336135_7646216234002711303,tt_7645537329968336135,ctew214,ibb 1s rep😳,1781335838
tt_7645537329968336135_7645646731643863809,tt_7645537329968336135,user3b23p8h41c,Ai chỉ tuii với 😳🥲,1781335838
tt_7645537329968336135_7645674355691291399,tt_7645537329968336135,bdd684,500k của tao,1781335838
tt_7645537329968336135_7645673827237823253,tt_7645537329968336135,dqnhu01th08,cay vlin,1781335838
tt_7645537329968336135_7647361462680339220,tt_7645537329968336135,anklahieulouis,hết cần lk r mấy ní oi,1781335838
tt_7645537329968336135_7646273727664243477,tt_7645537329968336135,trami07_,cứu với🙂🙂🙂,1781335838
tt_7645537329968336135_7645647643201553160,tt_7645537329968336135,vybbiiu,ib t chỉ,1781335838
tt_7645537329968336135_7645668471272964882,tt_7645537329968336135,dclmmcchooc00,ib tui chỉ,1781335838
tt_7645537329968336135_7645699351562240784,tt_7645537329968336135,diem082009,để mình chỉ cho,1781335838
tt_7645537329968336135_7645917173198521095,tt_7645537329968336135,hoangtuthanhhoaa,ib t chỉ,1781335838
tt_7645613073788701973_7645620034832761621,tt_7645613073788701973,bum.120,mik k có ngân hàng khác r sao,1781335838
tt_7645613073788701973_7650445141387494151,tt_7645613073788701973,username946918997,Nó bảo như thế mà mình ko thanh lý lm sao ko,1781335838
tt_7645613073788701973_7645690080510690049,tt_7645613073788701973,sauju_0,dùng hết lượt thanh lý sd thì sao ạ😭,1781335838
tt_7645613073788701973_7645883336812315399,tt_7645613073788701973,22_11pa,TRÁNH XA CON NÀY nhtrang_12 MỌI NGƯỜI CÓ THỂ VÀO TRANG EM COI SỰ THẬT,1781335838
tt_7645613073788701973_7646997741068026645,tt_7645613073788701973,ankkhoadzvkl,Ib t chỉ hết🥰,1781335838
tt_7645613073788701973_7648977531768963858,tt_7645613073788701973,iudauoii_011,quan trọng k ạ?,1781335838
tt_7645613073788701973_7646013198873936658,tt_7645613073788701973,zhinna06,mình k liên kết ngân hàng dc r sao lấy tiền zalo đây mn,1781335838
tt_7645613073788701973_7645728899095970581,tt_7645613073788701973,khengdaynehehe,Mấy th ngu đừng tin mấy quả ib t chỉ này nọ nha thanh lý vô tk nó đớp hết,1781335838
tt_7645613073788701973_7645735584732775176,tt_7645613073788701973,cammemm1920,ib t chỉ,1781335838
tt_7645613073788701973_7645712680254653204,tt_7645613073788701973,....828281,ib ạ,1781335838
tt_7645613073788701973_7645735440011805457,tt_7645613073788701973,n_._m.__.__t___ff,chỉ mik với,1781335838
tt_7645613073788701973_7646333110858122002,tt_7645613073788701973,nghnkkk11,ai làm như trên r có đk mng☺️☺️,1781335838
tt_7645613073788701973_7646041737123529489,tt_7645613073788701973,khongvuicuoihoai,vẫn kh ck đc,1781335838
tt_7645613073788701973_7645830881181598485,tt_7645613073788701973,luongthuy805,ko nhớ mk thì s cứu vs,1781335838
tt_7645613073788701973_7645860012393530120,tt_7645613073788701973,yeumichaelandvlad,bấm vào đâu ạ,1781335838
tt_7645613073788701973_7645984160473563911,tt_7645613073788701973,carott501,ụa làm sao kím dc cái thanh lí vạiiii tui hg có,1781335838
tt_7645613073788701973_7646031053467042578,tt_7645613073788701973,cailoncommem,xh r chị ơi,1781335838
tt_7645613073788701973_7645877639839974165,tt_7645613073788701973,nga1004.9,Chỉ tôi với,1781335838
tt_7645613073788701973_7646097426637701906,tt_7645613073788701973,guon_conai0,Chỉ với a😭🙏,1781335838
tt_7646962113801506068_7647106557010002695,tt_7646962113801506068,khnh.bng5557,xác thực ni lâu ko bạn,1781335838
tt_7646962113801506068_7647102817409090312,tt_7646962113801506068,hoalun911,heopy,1781335838
tt_7646962113801506068_7646984538166821640,tt_7646962113801506068,n..th0,ib ạ,1781335838
tt_7646962113801506068_7647158788324262664,tt_7646962113801506068,trunghieuxd4,dễ lắm phí 2k ạ,1781335838
tt_7646962113801506068_7647130861539722002,tt_7646962113801506068,ngc.trm6730,ib ạ,1781335838
tt_7646962113801506068_7647102711972692743,tt_7646962113801506068,hoalun911,zalopay của em cần xác thực 😭,1781335838
tt_7646266971486522645_7646293954412970759,tt_7646266971486522645,k18cu20cm,chỉ em với ạ,1781335838
tt_7646266971486522645_7647900082797331207,tt_7646266971486522645,nn.hanz,chỉ e vs ạ,1781335838
tt_7646266971486522645_7646390417868915473,tt_7646266971486522645,dtwg_nolove014,cái này dễ mà 2p xong,1781335838
tt_7644371206308629767_7645615455893422866,tt_7644371206308629767,traidep010,chỉ tui vs,1781335838
tt_7644371206308629767_7645532337522148117,tt_7644371206308629767,yeuat4,Ib này,1781335838
tt_7644371206308629767_7645589570583053064,tt_7644371206308629767,bow457688,chỉ e với ạ,1781335838
tt_7644371206308629767_7645583960533173000,tt_7644371206308629767,hue031210,chỉ mình với,1781335838
tt_7644371206308629767_7645588882231444244,tt_7644371206308629767,user_toahvna,ib mình chỉ nhé,1781335838
tt_7644371206308629767_7644822280161346322,tt_7644371206308629767,betgeam,chỉ với ạ,1781335838
tt_7644371206308629767_7646018970626212615,tt_7644371206308629767,no_money_no_em1,ib chỉ nhớ phải fl,1781335838
tt_7644371206308629767_7646320930952921873,tt_7644371206308629767,tuankiet809_,ib tui,1781335838
tt_7644371206308629767_7645676911435481863,tt_7644371206308629767,nhtrang_12,Ib t chỉ,1781335838
tt_7644371206308629767_7645602288574595860,tt_7644371206308629767,chemcheo0000,Ai lm ib,1781335838
tt_7644371206308629767_7646831513611289362,tt_7644371206308629767,tapsongan22,Ib mình chỉ ạ nhanh lắm @neubat,1781335838
tt_7650147445925596434_7650155861484585749,tt_7650147445925596434,vt.tuyen36,chị ơi em chưa liên kết tk ngân hàng cs chuyển tiền đc ko ạ,1781335838
tt_7650147445925596434_7650386651889484562,tt_7650147445925596434,.trung_nguyen,thề sau này không giám vào zalo pay lần nào ck 3 m cũng trừ 25 k phí,1781335838
tt_7650147445925596434_7650354889843311380,tt_7650147445925596434,np19022,zalo oi sao e chưa nhận đc tiền,1781335838
tt_7650147445925596434_7650210973373989652,tt_7650147445925596434,_.khanh.hoang_,Tạo tài khoản zalopay nhưng không sử dụng có gây ảnh hưởng gì tới tk zalo k ạ,1781335838
tt_7650147445925596434_7650291046535267092,tt_7650147445925596434,duyvquy,🥰,1781335838
tt_7646326280383679764_7646567159933846273,tt_7646326280383679764,kim.anh7759,Có tài khoản Zalo là mở được Zalopay đúng không,1781335838
tt_7646326280383679764_7648864148431962897,tt_7646326280383679764,h_anh691,liên kết ngân hàng làm như nào chỉ với,1781335838
tt_7646326280383679764_7646604148423394064,tt_7646326280383679764,hainga136,thanh toán nhanh gọn ko nhầm tiền lun,1781335838
tt_7646326280383679764_7646604147169575688,tt_7646326280383679764,phanthimyduyen_0809,Nay có app quyét tiện thật,1781335838
tt_7646326280383679764_7646467896042210064,tt_7646326280383679764,gia.mn625,Thấy nhiều bà tin dùng,1781335838
tt_7646326280383679764_7646602950818939669,tt_7646326280383679764,meodthh_,Thấy tiện nha c ui,1781335838
tt_7646326280383679764_7646446552597660437,tt_7646326280383679764,baomanhanh2333,Nhìn bà siêng quá đi,1781335838
tt_7646326280383679764_7646619638813852437,tt_7646326280383679764,dinhthuytrang21,Ui quá ngon nek,1781335838
tt_7646326280383679764_7646447406675854101,tt_7646326280383679764,huyenanh_xinhgai,Để tối về cũng siêng giống bà,1781335838
tt_7646326280383679764_7646525597401940757,tt_7646326280383679764,hmk75451pbr,giờ đi chợ quê quét mac cũng dễ,1781335838
tt_7646326280383679764_7646465113680216840,tt_7646326280383679764,ngocx53,Chuyển khoản dễ dàng c ha,1781335838
tt_7646326280383679764_7646639359499797255,tt_7646326280383679764,cm.nh.m.n,để mình tham khảo mới được,1781335838
tt_7646326280383679764_7646470654879466260,tt_7646326280383679764,bongbygp67w,em tìm hiểu thử nào,1781335838
tt_7646326280383679764_7646598088593539860,tt_7646326280383679764,kieu135ng,Dùng zlp tính phí ko?,1781335838
tt_7646326280383679764_7646604372487062292,tt_7646326280383679764,subin_2022_,Thanh toán bên này tiện lợi,1781335838
tt_7646326280383679764_7646464733995221781,tt_7646326280383679764,hoangvixfau,Sử dụng có gì khác so với ngân hàng không à,1781335838
tt_7646326280383679764_7646570437648679700,tt_7646326280383679764,bng17653,con được hoàn tiền lại đấy bann,1781335838
tt_7646326280383679764_7646478911056298770,tt_7646326280383679764,giang.ci052,E giờ đi chợ cầm mỗi cái đt,1781335838
tt_7646326280383679764_7646462843815314197,tt_7646326280383679764,an.chi445,em chưa dùng bao giờ đâu ấy,1781335838
tt_7646326280383679764_7646529169367155477,tt_7646326280383679764,mai.mo798,có ưu đãi gì khi dùng k ạ,1781335838
tt_7640412082533305607_7644075476101382930,tt_7640412082533305607,bunzju,hd voi,1781335838
tt_7640412082533305607_7645696381866115848,tt_7640412082533305607,vx.linwr,Ib tuii chỉ cho ạ,1781335838
tt_7640412082533305607_7647737211815527169,tt_7640412082533305607,xhhophat,xin đồng với còn 0k 😞😞😂😂,1781335838
tt_7640412082533305607_7641104961409499905,tt_7640412082533305607,trongbao20000,Chỉ em chj ơi,1781335838
tt_7640412082533305607_7646010345328296722,tt_7640412082533305607,19_3_2014_,Ib mình chỉ,1781335838
tt_7640412082533305607_7645582295143596820,tt_7640412082533305607,baoangg3,Ib chỉ,1781335838
tt_7207488183611788571_7323010671477654274,tt_7207488183611788571,ng_lownef,chỉ em vs ạ,1781335838
tt_7207488183611788571_7222244826523616026,tt_7207488183611788571,gocnhodangsuanha,ai cần ib mik hd,1781335838
tt_7207488183611788571_7253655693672334086,tt_7207488183611788571,hngan_5709,Chỉ e và,1781335838
tt_7207488183611788571_7268661433461654277,tt_7207488183611788571,sundangsuy_,chỉ vs ạ,1781335838
tt_7207488183611788571_7270823603628147461,tt_7207488183611788571,duydung205,Chỉ với,1781335838
tt_7207488183611788571_7262214906123059970,tt_7207488183611788571,nglinnzz,ko bt ib mk,1781335838
tt_7207488183611788571_7248302702991328005,tt_7207488183611788571,khanh3671996,Chơi sao v,1781335838
tt_7207488183611788571_7264230396777448210,tt_7207488183611788571,phandangthanhtam,chỉ mình với ạ 🥺,1781335838
tt_7207488183611788571_7261186146348204807,tt_7207488183611788571,iuanh0404,Chỉ toi vs,1781335838
tt_7207488183611788571_7272027498760733445,tt_7207488183611788571,besuashin,Ib chi mik vs,1781335838
tt_7207488183611788571_7265333930719560454,tt_7207488183611788571,thaophuong2850,chỉ em vs ạ,1781335838
tt_7207488183611788571_7270832045382812421,tt_7207488183611788571,nguyentrieu2411,Chỉ mình với,1781335838
tt_7207488183611788571_7267937656197579526,tt_7207488183611788571,tienh44,Chỉ e với ạ,1781335838
tt_7207488183611788571_7262287429641650945,tt_7207488183611788571,diemmy1234506,Chỉ mình vs ạ,1781335838
tt_7207488183611788571_7269058062193902341,tt_7207488183611788571,.nttrieu,chỉ mik vs ạ,1781335838
tt_7207488183611788571_7268126385956291334,tt_7207488183611788571,..._____552,Chỉ mình với ạ,1781335838
tt_7207488183611788571_7270342524572369669,tt_7207488183611788571,dkt1805,Chỉ tuii zớii,1781335838
tt_7207488183611788571_7313922894076740360,tt_7207488183611788571,l.anh.206,cần ib tuii dễ ẹc,1781335838
tt_7207488183611788571_7280801917005300498,tt_7207488183611788571,iamvy010306,chỉ mình vơai ạ,1781335838
tt_7207488183611788571_7304270008191435522,tt_7207488183611788571,ngduc06_,Chỉ vs,1781335838
tt_7351749141355121927_7352475232420971265,tt_7351749141355121927,sona.1123,tt,1781335838
tt_7351749141355121927_7354599586617819911,tt_7351749141355121927,hongcng075,🥰😁kkk,1781335838
tt_7351749141355121927_7355492351869829895,tt_7351749141355121927,saobien319,phim gì vậy ạ,1781335838
tt_7351749141355121927_7355411908332471057,tt_7351749141355121927,marvidmpu4o,oh my god,1781335838
tt_7351749141355121927_7352857386724786964,tt_7351749141355121927,usermbm3k9dhs7,hay Hay quá bạn ơi😊😬😌🥺,1781335838
tt_7351749141355121927_7352920816847848200,tt_7351749141355121927,hc.bo.nguyn874,hay wa,1781335838
tt_7351749141355121927_7353299242842669831,tt_7351749141355121927,rip_minh123,mới xem phim ngoài rạp xong về xem được luôn,1781335838
tt_7351749141355121927_7353129964726600466,tt_7351749141355121927,hac.bao.nguyen,quá tuyệt vời,1781335838
tt_7351749141355121927_7355519480423269136,tt_7351749141355121927,rubilucyen88,nghe cứ áo oả thể nào vậy 🥰,1781335838
tt_7351749141355121927_7353855189432173328,tt_7351749141355121927,khnh.vyzemi12,Em gặp kung fu panda 4 trời😂,1781335838
tt_7351749141355121927_7352757245795107602,tt_7351749141355121927,th.sa.ng.nc5,quá đẹp,1781335838
tt_7351749141355121927_7353278336698761992,tt_7351749141355121927,phng.anh.90,hay quá,1781335838
tt_7351749141355121927_7354912046695809813,tt_7351749141355121927,zebrad13,em muốn cou mà ko được🥺🥺🥺,1781335838
tt_7351749141355121927_7355000047413216016,tt_7351749141355121927,.bnh639,xem phim hoành tráng quá,1781335838
tt_7351749141355121927_7353141689420333841,tt_7351749141355121927,kimtien1274,😏😳😂🥰😁ok,1781335838
tt_7351749141355121927_7354274065593500423,tt_7351749141355121927,_14th11.va,Cờ liên minh đấu trường chân lý😂,1781335838
tt_7351749141355121927_7354966834674221832,tt_7351749141355121927,hongcng075,🥰😅kk,1781335838
tt_7351749141355121927_7352364833218233109,tt_7351749141355121927,usermbm3k9dhs7,nói hay quá bạn ơi😊😬😌,1781335838
tt_7351749141355121927_7354776499377537793,tt_7351749141355121927,bkhgne,e tao kìa,1781335838
tt_7351749141355121927_7352748025590776593,tt_7351749141355121927,nthienan0510,"coi phim xong r mới đặt, hảo 🥰",1781335838
tt_7537584514877394184_7644809303564763912,tt_7537584514877394184,uazalo4,18507582,1781335838
tt_7537584514877394184_7541004837246010133,tt_7537584514877394184,vietphanvan244,74205601,1781335838
tt_7537584514877394184_7633448832885506837,tt_7537584514877394184,ilovetiktokzoz,68859366 nhập mã để nhận 5 sao =50đ,1781335838
tt_7537584514877394184_7600462233236144914,tt_7537584514877394184,krypton2572,good cut: 64886650,1781335838
tt_7537584514877394184_7601468650365829909,tt_7537584514877394184,_yeu_cai_cho_gi_,Good cut ID:37491908,1781335838
tt_7537584514877394184_7568393186743010069,tt_7537584514877394184,iaghna,id 49409247,1781335838
tt_7537584514877394184_7543487853062800146,tt_7537584514877394184,paoen_pen,quay bàn xoay là phải quay nhiêu lần ms đc,1781335838
tt_7537584514877394184_7627516653680460565,tt_7537584514877394184,vuong25042,mã đi mn ơi 68470214,1781335838
tt_7537584514877394184_7567704073068528404,tt_7537584514877394184,hong.lun751,có điều kiện khi rút 340k ko b,1781335838
tt_7537584514877394184_7630306071173907201,tt_7537584514877394184,rnd33___,Good Cut id=14692101,1781335838
tt_7537584514877394184_7627168380957983496,tt_7537584514877394184,missyou_20088,id:14753095,1781335838
tt_7537584514877394184_7627826016598360850,tt_7537584514877394184,csh081111,"id 60558862 , nhận 5 s nè",1781335838
tt_7537584514877394184_7558678674008048392,tt_7537584514877394184,dbhkdbdhdkdd,mã28973463,1781335838
tt_7537584514877394184_7591496225896121095,tt_7537584514877394184,bruhhhhhhh808,ID 33372519 good cut +5 sao ngon lắm,1781335838
tt_7537584514877394184_7541695983655731969,tt_7537584514877394184,vietphanvan244,74205601,1781335838
tt_7537584514877394184_7540193434524336917,tt_7537584514877394184,vietphanvan244,74205601,1781335838
tt_7537584514877394184_7540304585128575762,tt_7537584514877394184,vietphanvan244,74205601,1781335838
tt_7537584514877394184_7540152453712528149,tt_7537584514877394184,vietphanvan244,74205601,1781335838
tt_7537584514877394184_7550443900201943826,tt_7537584514877394184,vuong6529,id=89417077,1781335838
tt_7077393816063446274_7078893718979920642,tt_7077393816063446274,ngtiendat201,ko có mạng,1781335838
tt_7077393816063446274_7080067036936143618,tt_7077393816063446274,nqocv,nếu không có mạng thì sao 😌,1781335838
tt_7077393816063446274_7078743603861979906,tt_7077393816063446274,leviettu19051993,xin được chào ạ,1781335838
tt_7077393816063446274_7117140424846050075,tt_7077393816063446274,12315s3,ko liên kết tài khoản ngân hàng thì có nịt nạp dk,1781335838
tt_7077393816063446274_7081486647711564546,tt_7077393816063446274,q_u_y_e_n_0107,Gõ Cửa kêu được mà😂😂,1781335838
tt_7077393816063446274_7080051790980449025,tt_7077393816063446274,phamquyen410,sos 😂😂,1781335838
tt_7077393816063446274_7078577280150274818,tt_7077393816063446274,_ngtinhmuadong_014,ét oét,1781335838
tt_7077393816063446274_7080435887582200578,tt_7077393816063446274,dangfa,94,1781335838
tt_7077393816063446274_7110217985427669786,tt_7077393816063446274,1998_29_3_py_78,nay còn lạc hậu vậy trời🥺,1781335838
tt_7077393816063446274_7111274321263313691,tt_7077393816063446274,cothuybeoyeutoc,ủa,1781335838
tt_7077393816063446274_7111459778970387227,tt_7077393816063446274,vanminh_67,mình có dùng nè tiện lợi lắm🥰,1781335838
tt_7077393816063446274_7081186229504803585,tt_7077393816063446274,sport_or_you,lên ngân hàng cho 😅tiện,1781335838
tt_7077393816063446274_7079327451683652353,tt_7077393816063446274,tienthinhnguyen19,[cry],1781335838
tt_7077393816063446274_7115361168316138267,tt_7077393816063446274,huukiet27_10,Ủa alô tạp hoá 😂,1781335838
tt_7077393816063446274_7080847849550070529,tt_7077393816063446274,dypmucnna7de,chuẩn không cần chỉnh 🥰,1781335838
tt_7077393816063446274_7113916653197067035,tt_7077393816063446274,tomyfet2,không tiền sao mua😂,1781335838
tt_7077393816063446274_7116877835591254810,tt_7077393816063446274,tuankhai423,đã có vilaaphone =),1781335838
tt_7077393816063446274_7116962819233530650,tt_7077393816063446274,tuanmanme_0611,Không có tiền thì sao,1781335838
tt_7077393816063446274_7129880360834106138,tt_7077393816063446274,marcusvmla,nạp bằng thẻ cào đc ko ạ:{{,1781335838
tt_7077393816063446274_7080435801603293954,tt_7077393816063446274,dangfa,92,1781335838
tt_7041086943555259649_7041800237312787202,tt_7041086943555259649,songnganskop,làm sao ta,1781335838
tt_7041086943555259649_7042500646033588994,tt_7041086943555259649,tronqkhanh4m,Nhưng mà sợ vụ bảo mật của mấy cái ví điện tử ghê =((,1781335838
tt_7041086943555259649_7045460969703097090,tt_7041086943555259649,dyhj1slcd7c5,"Cái chế độ chuyển tiền này là mạ mình chỉ mình dùng nè, chứ mình thì ko biết luôn ="">",1781335838
tt_7041086943555259649_7045285639449002754,tt_7041086943555259649,trieulinhnhi865,"Nhớ lại có lần any bao đi cà phê, uống cho đã xong kêu chia đơn, cái mặt t lúc đó y chang mặt ông áo sơ mi",1781335838
tt_7041086943555259649_7045464183890428673,tt_7041086943555259649,dyji9mpx8yao,"Máy t có hẳn cái folder để ví, có mỗi cái xalopay này thì nằm trong folder chat :v @Chi Chi82899",1781335838
tt_7041086943555259649_7045464466984747777,tt_7041086943555259649,thanhluan4554,hổm cũng ủa như ông này,1781335838
tt_7041086943555259649_7045462336748585729,tt_7041086943555259649,dyk42qehx9hf,"Nếu kb zl rồi thì chuyển tiện hơn, còn bth thì vẫn phải chuyển qua tk ví",1781335838
tt_7041086943555259649_7044887761786405634,tt_7041086943555259649,trantrang6561,"@Quang Vinh E dùng qua chưa? Chỉ t, mốt đi chơi khỏi đem theo tiền",1781335838
tt_7041086943555259649_7114199507889292058,tt_7041086943555259649,mr.phuoctri84,mình kiếm đc rồi mà góp cho từ thiện hết cả rồi bây giờ phải đợi cho có sự kiện mới có tiền 😅,1781335838
tt_7041086943555259649_7114873007201927937,tt_7041086943555259649,nkauj_hmooblis,chị cách,1781335838
tt_7041086943555259649_7045285844995408642,tt_7041086943555259649,kieunhu6305,nhìn là biết anh này thầu chầu cafe nên tâm lý lúc nào cũng hoang mang,1781335838
tt_7041086943555259649_7109634894972044059,tt_7041086943555259649,namhb1997,vậy rút tiền kiểu j,1781335838
tt_7041086943555259649_7045461252558127874,tt_7041086943555259649,dyj6j65deekf,"@Thi Thi62687 app có sẵn, mà t đi tải về nữa :)",1781335838
tt_7041086943555259649_7042632042999874305,tt_7041086943555259649,minhvuong33,cứ viettel pay mà chơi an toàn tiết kiệm,1781335838
tt_7041086943555259649_7045461569425703681,tt_7041086943555259649,dy96y31neta8,@Ky Duyen418 lúc t hỏi m cũng tl y chang vầy =)),1781335838
tt_7041086943555259649_7045463639465755394,tt_7041086943555259649,thiyvy2,"Đỡ tốn dung lượng ="">",1781335838
tt_7041086943555259649_7043004673644872449,tt_7041086943555259649,camidiudang,cũng giống như wechat bên tung của,1781335838
tt_7041081001715436802_7220754935100195610,tt_7041081001715436802,nhanbe1999,Sao của mình chuyển mất phí ạ,1781335838
tt_7041081001715436802_7044038769356063490,tt_7041081001715436802,nthinh_o,cường đã đến rồi đây😂😂,1781335838
tt_7041081001715436802_7042234356730970881,tt_7041081001715436802,bacsitribenhquangcao,cháu ổn chứ,1781335838
tt_7041081001715436802_7041769017148850945,tt_7041081001715436802,usery300nqq49b,Phí chuyển tiền trông nhỏ nhỏ vậy mà tích lại cũng được mấy ly trà sữa một tháng đó chời,1781335838
tt_7041081001715436802_7042120428718097154,tt_7041081001715436802,g_shot17,quảng cáo hay dìm ng ta vậy😂,1781335838
tt_7041081001715436802_7532561184609305352,tt_7041081001715436802,hthivi_2711,Làm kiểu gì mà không mất phí ạ,1781335838
tt_7041081001715436802_7042504808670348034,tt_7041081001715436802,dylf086hzu8e,sr nhưng t chỉ để ý mỗi cục nọng của bà chị y chang m @t,1781335838
tt_7041081001715436802_7112064905951642394,tt_7041081001715436802,pethmdthw,tao ko tải đấy,1781335838
tt_7041081001715436802_7043972777044394754,tt_7041081001715436802,gaukinhdij,tao kìa bây,1781335838
tt_7041081001715436802_7041612332761400066,tt_7041081001715436802,tomatothichkeoholo,zalo pay ok mà mình dùng từ 2017 lun. quá là tiện thấy giao diện đơn giản dễ dùng,1781335838
tt_7041081001715436802_7041557099855463170,tt_7041081001715436802,ztuzin2008,hàng free nghe cũng thích =))) mà sợ charge thêm lum la phí khác,1781335838
tt_7041081001715436802_7044052675805463297,tt_7041081001715436802,hieu1873,cường độ nè,1781335838
tt_7041081001715436802_7083109358602584833,tt_7041081001715436802,hahp1999vb,có cần hình ảnh cmt ko,1781335838
tt_7041081001715436802_7600724294243664658,tt_7041081001715436802,muayvua2010,trời ơi zalopay của tui lấy phí nhiều quá không dùng nổi nữa 😵,1781335838
tt_7077394521717247233_7078442961180295938,tt_7077394521717247233,qi_banh_bao234,vãi cả thẻ cào trả giá😂😂,1781335838
tt_7077394521717247233_7078842009729008385,tt_7077394521717247233,userdasnake,Có bán thẻ cào 100k giá 50k (*lưu ý: thẻ chỉ mới sử dụng 1 lần vẫn còn rất mới) bà con mại vô,1781335838
tt_7077394521717247233_7115726699086218011,tt_7077394521717247233,tpdung9x,zalo chuẩn bị thu phí rồi.. ai mà dùng nữa 😂😂,1781335838
tt_7077394521717247233_7078660094988747522,tt_7077394521717247233,camera.chay.bang.c0m,hảo zalo sos :)),1781335838
tt_7077394521717247233_7079356482991047426,tt_7077394521717247233,oghuntingdevil,Qc nghe hay đấy text luôn,1781335838
tt_7077394521717247233_7078524975610856194,tt_7077394521717247233,yuulienquan.aonhay,Cho 1 tỉ đi r tải😂😂,1781335838
tt_7077394521717247233_7116675042746352411,tt_7077394521717247233,concatnayhaohan,may quá zalo hết flop r,1781335838
tt_7077394521717247233_7078933996528993026,tt_7077394521717247233,umewin_29,thiệt chứa quản cáo zalo lài vãi😂,1781335838
tt_7077394521717247233_7116908828599681818,tt_7077394521717247233,beoooo.l,mấy bà chỗ tao thẻ 100k bán 110k 😏😏,1781335838
tt_7077394521717247233_7109692957717021466,tt_7077394521717247233,triw_209,"Cố 4,5 cái nạp thẻ 1k mà chưa liên kết ngân hàng 😂",1781335838
tt_7077394521717247233_7080012831915705090,tt_7077394521717247233,7ijjjskk5fff,Ko thua j quảng cáo omo,1781335838
tt_7077394521717247233_7111630071932207898,tt_7077394521717247233,huyca0012,ko biết tạo zaloPay🥺,1781335838
tt_7077394521717247233_7111181959677821722,tt_7077394521717247233,binmc200,xem quảng cáo như phím hài hước mà nói trên nớ rẻ thiết 😂😂😂,1781335838
tt_7077394521717247233_7166599559467189019,tt_7077394521717247233,hoctap247,"Hay lắm , mình đã thêm được thẻ tín dụng để chỉ tiêu rất thú vị",1781335838
tt_7077394521717247233_7109729402388628251,tt_7077394521717247233,user3ueger76qu,cứ bắt liên kêts ngân hàng,1781335838
tt_7077394521717247233_7110079293866410779,tt_7077394521717247233,h.21or27,t đăng kí có 3g rồi nè,1781335838
tt_7077394521717247233_7113887396303946522,tt_7077394521717247233,tiktok28283738,nhưng tao nạp game,1781335838
tt_7052927039812209946_7053481267287409409,tt_7052927039812209946,o_kim3609,Cho e mảnh 4 iphone ik đt ghẻ wa rùi,1781335838
tt_7052927039812209946_7053503517759406849,tt_7052927039812209946,nhu_y_180699,ai có mảng thứ 3 ihone13 hông😂😂,1781335838
tt_7052927039812209946_7053489738246030081,tt_7052927039812209946,duongtuan328,t đã chờ đc 3 tháng kể từ lần thứ 13 t chụp đi chụp lại cái cccd để lập tk nhưng đoán xem zalo vẫn ko thèm duyệt cho t,1781335838
tt_7052927039812209946_7053775691787551490,tt_7052927039812209946,dkhanh_1603,"T có 3 mảnh 4 nè, ai cần inb",1781335838
tt_7052927039812209946_7053589625264259842,tt_7052927039812209946,newmomentvibe,Tui được IPhone 13 Pro Max,1781335838
tt_7052927039812209946_7053588955996504833,tt_7052927039812209946,dyof9fjyd4op,hay,1781335838
tt_7052927039812209946_7053604166585254657,tt_7052927039812209946,quocthanh3405,Có ai chéo mảnh 4 lấy mảnh còn lại k ạ?,1781335838
tt_7052927039812209946_7053590506328802049,tt_7052927039812209946,ahihidongoc140404,không ra có mảnh 4 ip đâu mà xin khổ,1781335838
tt_7052927039812209946_7053498690539225858,tt_7052927039812209946,jahahjsk,@𝔞𝔬 𝔱𝔲𝔫𝔤 𝔠𝔥𝔞𝔬:1.16 sáng tìm đối thủ,1781335838
tt_7052927039812209946_7053481639888028417,tt_7052927039812209946,r.i.p.51,Xong nạp tiền vào thời gian nó huỷ đi rồi đi tìm zalo ở đâu để đòi tiền ?,1781335838
tt_7052927039812209946_7053505867815535361,tt_7052927039812209946,anhkhoi864,ai có mảnh 4 đổi mảnh 3 ko,1781335838
tt_7052927039812209946_7053633301840069378,tt_7052927039812209946,phamhuy_9,cho mình 5 cái iPad nha😂,1781335838
tt_7052927039812209946_7053591423379096322,tt_7052927039812209946,nhattin2407,lại là Tiến😳,1781335838
tt_7052927039812209946_7053541344547488514,tt_7052927039812209946,trangcuu00,ai có mãnh 4 ip k. đổi ik nè,1781335838
tt_7052927039812209946_7053621231547482882,tt_7052927039812209946,phwglnk_,cho e mảnh 4 ip đi zálô,1781335838
tt_7052927039812209946_7053604756732134145,tt_7052927039812209946,songvigay1,"tui có vé giảm 100k mà dùng ko đc 😣
nó ghi lỗi U02:)) ai biết dùng sao ko",1781335838
tt_7052927039812209946_7053485318405980930,tt_7052927039812209946,tai49110,gòi danh bạ đâu 😅,1781335838
tt_7052927039812209946_7053494692104897281,tt_7052927039812209946,hoangkhanh_318,"Cho e mảnh 4 ip đi , nhà e hộ nghèo😳🥺🥺",1781335838
tt_7052927039812209946_7053596965871190785,tt_7052927039812209946,jeryy.2805,😌8,1781335838
tt_7326114236269071617_7327658537613427474,tt_7326114236269071617,mihtuyeen,Chỉ mình với,1781335838
tt_7326114236269071617_7326115668020265730,tt_7326114236269071617,betuyen2107,chỉ em với ạ,1781335838
tt_7326114236269071617_7585082640727098124,tt_7326114236269071617,almensrr_,1m huvip. Win gặp cầu đánh lên 90m đây kakaa,1781335838
tt_7326114236269071617_7326116111124038401,tt_7326114236269071617,nguyenminhquoc2310,oki luôn,1781335838
tt_7326114236269071617_7405627590323651336,tt_7326114236269071617,hthanhhyn,hd e vs ạ,1781335838
tt_7326114236269071617_7326115984930194177,tt_7326114236269071617,dhfb616,e thành công rồi cảm ơn,1781335838
tt_7326114236269071617_7376956053424014088,tt_7326114236269071617,muoi1451,Làm sao rut tiền về tk dc ạ,1781335838
tt_7326114236269071617_7558942994167956231,tt_7326114236269071617,duongdong1979,chỉ em mới a,1781335838
tt_7326114236269071617_7478306272488456978,tt_7326114236269071617,bijjfh,vốn tầm bnh là đc ạ,1781335838
tt_7326114236269071617_7395459011066118930,tt_7326114236269071617,thquyen1106,chỉ e va,1781335838
tt_7326114236269071617_7403367173692965639,tt_7326114236269071617,giang_vo_96,làm cách nào bạn,1781335838
tt_7326114236269071617_7406282833923179271,tt_7326114236269071617,trangthdua05,chị em với 😃☺️☺️,1781335838
tt_7326114236269071617_7417045530310460167,tt_7326114236269071617,bomayday_6969,Chỉ mình vs,1781335838
tt_7326114236269071617_7358102445179192072,tt_7326114236269071617,quynhanh030309,Chỉ e với ạ,1781335838
tt_7326114236269071617_7352904289909621511,tt_7326114236269071617,ek.sadboyy,chỉ vs ạ,1781335838
tt_7326114236269071617_7348367388397683474,tt_7326114236269071617,_khanhs.lyyy,chỉ mình vs,1781335838
tt_7326114236269071617_7595138207849169685,tt_7326114236269071617,thanhlee2003,Nt,1781335838
tt_7326114236269071617_7599671656198963989,tt_7326114236269071617,ptd141211,tên app là Color lab nha bạn nhập mã mời để nhận 34k nha 80905092,1781335838
tt_7326114236269071617_7597504823164896008,tt_7326114236269071617,linhthu740,🥰🥰🥰,1781335838
tt_7077394885841669377_7078100461203194625,tt_7077394885841669377,cuccukkkk000,cào thẻ rách tao cũng lạy,1781335838
tt_7077394885841669377_7078220440590369538,tt_7077394885841669377,_zahanw_0706,cào kiểu gì mà rách đc hay z ta:)?,1781335838
tt_7077394885841669377_7078170248255472385,tt_7077394885841669377,duongcan396,Có khi nạp xong thẻ vỡ luôn đt nhỉ,1781335838
tt_7077394885841669377_7079756970551001857,tt_7077394885841669377,tienhoangstyle,Thế 1280 tải đc ko a,1781335838
tt_7077394885841669377_7081220678967411458,tt_7077394885841669377,nmoi208,lm sao đăng kí ạ,1781335838
tt_7077394885841669377_7111704881790583578,tt_7077394885841669377,jonh_haves0,ủa chứ mã QR kế bên để làm j z mn,1781335838
tt_7077394885841669377_7078511197225534210,tt_7077394885841669377,phamhongtrang11_10_1999,rồi lúc chưa có zaloplay thì kiểu j,1781335838
tt_7077394885841669377_7111573435528364826,tt_7077394885841669377,userxvrtxazibx,rồi có sài thẻ đó nữa honh cho ik 😅,1781335838
tt_7077394885841669377_7116481978488832795,tt_7077394885841669377,nguyenhien_1999,Nghe đồn zalo chuẩn bị tính phí. Haizz phải xóa thôi tiền đâu dùng.,1781335838
tt_7077394885841669377_7079271040522158850,tt_7077394885841669377,matran09,ưu đãi chứ ko p cho 1 tr đâu nhá😂,1781335838
tt_7077394885841669377_7078526075051508481,tt_7077394885841669377,nan19184,xài zalopay ko phải nhớ cú pháp nạp 4G😁😁,1781335838
tt_7077394885841669377_7078665191130743553,tt_7077394885841669377,tth21022,"Một lần mình cào rách thẻ, dò một chữ số mà bị khoá luôn 😂",1781335838
tt_7077394885841669377_7078172385966719745,tt_7077394885841669377,hainam02091704,có ng cào rách luôn á 😂,1781335838
tt_7077394885841669377_7078136971876958978,tt_7077394885841669377,phanphan270103,đây là dùng dao để cạo (@_@),1781335838
tt_7077394885841669377_7078273606400574210,tt_7077394885841669377,phungcao99,nạp thẳng bằng tk ngân hàng đc mà nhỉ 🤔,1781335838
tt_7077394885841669377_7111210927794176795,tt_7077394885841669377,t.t.khang1234,Phải bt tôi ko mất 50k r,1781335838
tt_7077394885841669377_7078135957597733634,tt_7077394885841669377,dang_dong_dong,nói thiệt t hk cào thẻ lâu lắm r đợt hổm về mẹ nhờ nạp tiền dt t hk nhớ lun cách nạp 😂😂😂,1781335838
tt_7077394885841669377_7078126663028704002,tt_7077394885841669377,tunz_nek,iu cảm ơn nha tao nạp được rồi 450 kim cương vào gem rùi,1781335838
tt_7077394885841669377_7078223057835442945,tt_7077394885841669377,depday.hihi,đăng kí dell đc🥴,1781335838
tt_7322643822331104514_7529807449261474568,tt_7322643822331104514,aocuoisusan,🥰🥰🥰,1781335838
tt_7322643822331104514_7565480530239800072,tt_7322643822331104514,tuantuandj,😂,1781335838
tt_7322643822331104514_7520082895538520839,tt_7322643822331104514,t.anh_066,😂,1781335838
tt_7322643822331104514_7526020372312326930,tt_7322643822331104514,tuananh9900,Bị lừa mất tiền qua các sàn app còn có hóa đơn chuyển khoản thì nhắn tin mình chỉ cho cáhc lấy lại tiền nha,1781335838
tt_7322643822331104514_7323031493047059202,tt_7322643822331104514,drleebao,Nó vẫn gửi mn ạ. Md quá sức,1781335838
tt_7634842169479679253_7634901481259647764,tt_7634842169479679253,maybodamm,"hình như qua đó tt mới đc, còn ở vn thanh toán ko đc thì phải",1781335838
tt_7634842169479679253_7634915398521373461,tt_7634842169479679253,oscarcasdozo,cầm thể visa cũng được mà😁,1781335838
tt_7634842169479679253_7634951171819815688,tt_7634842169479679253,huyanh411,"Phí chuyển đổi của nó cao ngất, đổi tiền mặt mà xài cho chắc ae à",1781335838
tt_7634842169479679253_7634945871231009557,tt_7634842169479679253,caubekho094,quảng cáo à.,1781335838
tt_7634842169479679253_7634899412543619847,tt_7634842169479679253,trieu.tuan2015,Cho mình hỏi MB liên kết có thanh toán đựợc không ?,1781335838
tt_7634842169479679253_7634946148021240597,tt_7634842169479679253,esdprobag,nó cắn tỉ giá cao nhỉ,1781335838
tt_7634842169479679253_7634913957136122632,tt_7634842169479679253,danhdanh294,Qua Trung Quốc quán nào cũng thể mã qr để quét thanh toán rất tiện lợi,1781335838
tt_7634842169479679253_7635841342107271957,tt_7634842169479679253,minhle071284,vietinbank đc ko ạ?,1781335838
tt_7634842169479679253_7637104870956647188,tt_7634842169479679253,mehaiisan,Ví điện tử của vn ?,1781335838
tt_7634842169479679253_7634950895042134802,tt_7634842169479679253,v.sb.etcu.ocph.ata.nngay,Nhìn món ăn nào cũng ngon màu sắc,1781335838
tt_7634842169479679253_7634904711652721429,tt_7634842169479679253,trn.duy.khnh498,bị mất thêm phí đúng ko ..chứ mua hàng trên sàn mất phí,1781335838
tt_7634842169479679253_7634907724060590866,tt_7634842169479679253,thinhh0505,MoMo đc nữa nhé,1781335838
tt_7634842169479679253_7644542590951834388,tt_7634842169479679253,bpm_12748,tỉ giá này rẻ hơn vcb rồi,1781335838
tt_7634842169479679253_7644774471009633032,tt_7634842169479679253,m.quann27,Mấy bạn có thể thanh toán thẳng từ app VCB DIGIBANK nhé có vấn đề gì thì bên phía bank còn hỗ trợ được còn hầu như thông qua ví điện tử khi gặp vấn đề lỗi hay gì bank khó hỗ trợ cho các bạn lắm ạ.,1781335838
tt_7634842169479679253_7635167171081143047,tt_7634842169479679253,nguyen.nam6666,toàn cầu hoá hết rồi,1781335838
tt_7634842169479679253_7634901093214470932,tt_7634842169479679253,mizuka_688,tim sẽ mạnh khỏe 👍,1781335838
tt_7634842169479679253_7636671309377110800,tt_7634842169479679253,vanhieu20,Giờ đi du lịch nước ngoài dễ dàng nhỉ,1781335838
tt_7634842169479679253_7637542086846743316,tt_7634842169479679253,vantruong_0809,Đã thử và thành công,1781335838
tt_7634842169479679253_7645565879854023432,tt_7634842169479679253,tngnguynhuy21,zalo của trung thì thanh toán bên đó bt mà,1781335838
tt_7634842169479679253_7634904789613527815,tt_7634842169479679253,levu1487,ko đc nhé. hầu như ko đc. mới đi về,1781335838
tt_7648465773114969351_7648549592032248597,tt_7648465773114969351,truongchinhpt,♥️♥️♥️,1781335838
tt_7204068304019819802_7311228640288375560,tt_7204068304019819802,quyhanh1234,chỉ e với,1781335838
tt_7204068304019819802_7292722475079041793,tt_7204068304019819802,hoanghien721,Chỉ mình với,1781335838
tt_7204068304019819802_7205646636188517147,tt_7204068304019819802,joytan509,chỉ em với a,1781335838
tt_7204068304019819802_7205945761992327963,tt_7204068304019819802,zzhihizz_0709,web bảo trì r,1781335838
tt_7204068304019819802_7205858786992063259,tt_7204068304019819802,tupham10052004,chỉ vs ạ,1781335838
tt_7204068304019819802_7204485414895354651,tt_7204068304019819802,_l_1304_,Chỉ mik vs,1781335838
tt_7204068304019819802_7204892814907802394,tt_7204068304019819802,mailien1175,chỉ em vs ạ,1781335838
tt_7204068304019819802_7204736525862175514,tt_7204068304019819802,thedong_04,chỉ mình với,1781335838
tt_7204068304019819802_7204507683428565787,tt_7204068304019819802,26thang07.2003,Chỉ mình với ạ,1781335838
tt_7204068304019819802_7204789998577763098,tt_7204068304019819802,thuyz,mình chưa biết bạn chỉ mình được không,1781335838
tt_7204068304019819802_7205956252786361114,tt_7204068304019819802,tinh_bacgiang9t,Chỉ với ah ơi,1781335838
tt_7204068304019819802_7307755293398713096,tt_7204068304019819802,quyentaycuchi99,Chỉ em với 😳😳😳😳,1781335838
tt_7204068304019819802_7238907432336098054,tt_7204068304019819802,nguynlinh1072,Chỉ mình với 🥺,1781335838
tt_7204068304019819802_7206117293876380443,tt_7204068304019819802,hzn7107,web sao r a,1781335838
tt_7204068304019819802_7207788575114609435,tt_7204068304019819802,user6814287290350,sdt ở web bị gì ý,1781335838
tt_7204068304019819802_7209942319763440411,tt_7204068304019819802,taidang349,web nào v a,1781335838
tt_7204068304019819802_7209197734078284571,tt_7204068304019819802,linhcun2512,Wed bảo trì rồi ạ,1781335838
tt_7204068304019819802_7206916399914058522,tt_7204068304019819802,thanhhuynh2110,Bày,1781335838
tt_7204068304019819802_7204382134164161282,tt_7204068304019819802,_nyycaffe,lm như nào v ạ,1781335838
tt_7204068304019819802_7210770558416716570,tt_7204068304019819802,hothihong2000,chỉ vs ạ,1781335838
tt_7177028113577020699_7217354898606064410,tt_7177028113577020699,wanloan02,tui đăng ký xong bị trừ hết trong tài khoản lun🥺,1781335838
tt_7177028113577020699_7621556941308297992,tt_7177028113577020699,hoangducduy79,chỉ mik đi ạ,1781335838
tt_7177028113577020699_7597247015445922581,tt_7177028113577020699,ngthithuhien123,chỉ mjk vs,1781335838
tt_7177028113577020699_7250312497033806597,tt_7177028113577020699,bichng027,"mình mới lm đc ạ , chưa bt lm ib mình chỉ cho ạ",1781335838
tt_7177028113577020699_7553633645388055314,tt_7177028113577020699,thu.uyn1376,chỉ e với,1781335838
tt_7177028113577020699_7254594207029314310,tt_7177028113577020699,tranthanhphong1104,chx đủ 18 tạo đc k mn,1781335838
tt_7177028113577020699_7265209082806010632,tt_7177028113577020699,dangngocson511,chỉ mình với ạ,1781335838
tt_7177028113577020699_7250754176489554694,tt_7177028113577020699,.linhching,ai ch làm ib mình nha,1781335838
tt_7177028113577020699_7272215996412281605,tt_7177028113577020699,userwllnd8vdco,Chỉ mình với ạ,1781335838
tt_7177028113577020699_7324198246095799058,tt_7177028113577020699,dungxinhgai97,Mk ak,1781335838
tt_7177028113577020699_7254119576107090693,tt_7177028113577020699,quyen10108,chỉ với ạ,1781335838
tt_7177028113577020699_7203629467024671515,tt_7177028113577020699,lyebe2,hướng dẫn với ạ,1781335838
tt_7177028113577020699_7187744380278768410,tt_7177028113577020699,hiendo2007,Chỉ đi ạ,1781335838
tt_7177028113577020699_7179848589484278555,tt_7177028113577020699,11th12_6,Hướng dẫn với ạ,1781335838
tt_7177028113577020699_7265515649764934401,tt_7177028113577020699,xuanducdeptraivcl,Chỉ,1781335838
tt_7177028113577020699_7290089310462673672,tt_7177028113577020699,i.am.sini,mình nx ạ,1781335838
tt_7177028113577020699_7319072235037672199,tt_7177028113577020699,beco145,Chỉ tôi với,1781335838
tt_7177028113577020699_7306035469514425095,tt_7177028113577020699,trankhanhduyen3108,ib,1781335838
tt_7177028113577020699_7579589903156200210,tt_7177028113577020699,vui_leth42,thật ko,1781335838
tt_7177028113577020699_7279721840510108434,tt_7177028113577020699,thuytrangg_176,chỉ em với ạ,1781335838
tt_7551630043143834887_7551632235053974292,tt_7551630043143834887,tronghanghieu2,Việt nam toàn dùng hàng trung . Có ứng dụng này trung nó chẳng mừng quá,1781335838
tt_7551630043143834887_7551650197841675016,tt_7551630043143834887,khainguyen967,Thật là là chuyển đổi ngoại tệ trực tuyến đó mấy má. Ở đó mà mơ mang VNĐ qua đó mà giao dịch. Kể cả đô la còn chưa đc phép lưu hành kìa.,1781335838
tt_7551630043143834887_7551641928660599560,tt_7551630043143834887,lhx050,nhắc đến bố cái tiến trắng tự hào gớm,1781335838
tt_7551630043143834887_7551635427925656340,tt_7551630043143834887,thhao145,🥰,1781335838
tt_7551630043143834887_7551635196005843719,tt_7551630043143834887,momochiyui,🥰🥰🥰,1781335838
tt_7551630043143834887_7551646988861784848,tt_7551630043143834887,vothinh40,Tập đoàn TQ là cổ đông lớn tại Zalo nên việc liên thông thanh toán là bình thường,1781335838
tt_7649694917538663688_7650486573314376468,tt_7649694917538663688,darrenzunis,Được có 260xu🥺,1781335838
tt_7649694917538663688_7650357909314241300,tt_7649694917538663688,qznm75,Công nhận zalo tiện thật,1781335838
tt_7649694917538663688_7650080408155570952,tt_7649694917538663688,ductuan033,đã nhận 20.260xu kk😁😁😁,1781335838
tt_7649694917538663688_7650456691167003412,tt_7649694917538663688,hluwithftu,[ステッカー] ,1781335838
tt_7649694917538663688_7650357768002552597,tt_7649694917538663688,zqnn98,[ステッカー] ,1781335838
tt_7649694917538663688_7650122800032400149,tt_7649694917538663688,zqnn98,[ステッカー] ,1781335838
tt_7649694917538663688_7650476094554424084,tt_7649694917538663688,phuongneh2k,🥰🥰,1781335838
tt_7105126361236344091_7553683885185483521,tt_7105126361236344091,nguyen.hai.anh208,mik xin link ạ,1781335838
tt_7105126361236344091_7575809170915115796,tt_7105126361236344091,dnguyen6707,"giờ có nhiều app làm onl ổn mà mấy bà , mấy bà hsinh cấp 2 chưa có cccd hay mẹ bỉm muốn kiếm chút tiền thì thử qua LuckyBuy nhaa.Không cọc không vốn nên khỏi lo scam gì đâu.Muốn thử thì ib tớ hướng dẫn từ A-z luôn nè💓(ngại thì tim tự tìm tới).",1781335838
tt_7105126361236344091_7562101946916930325,tt_7105126361236344091,embes_k3,hd vs,1781335838
tt_7105126361236344091_7396511871287558920,tt_7105126361236344091,vntuyt10,app gì vậy ạ,1781335838
tt_7105126361236344091_7560260717842957064,tt_7105126361236344091,lamphikkk,bao ok,1781335838
tt_7105126361236344091_7397674486537716487,tt_7105126361236344091,athuxink3,x world dễ làm có tiền thật nè,1781335838
tt_7105126361236344091_7278638734093075201,tt_7105126361236344091,letientiktok2k8,app tên j vậy,1781335838
tt_7105126361236344091_7401689222052479762,tt_7105126361236344091,.thinga2k,Chỉ mk vs,1781335838
tt_7105126361236344091_7567279487806407441,tt_7105126361236344091,thuyphuong2004s,chỉ app,1781335838
tt_7105126361236344091_7558846896844964626,tt_7105126361236344091,b.con056,xin link ạ,1781335838
tt_7105126361236344091_7178297490818728731,tt_7105126361236344091,inthefuturehehe,cháu,1781335838
tt_7105126361236344091_7386517173160362785,tt_7105126361236344091,31le.nguyen,chỉ với ạ,1781335838
tt_7105126361236344091_7401032859644085000,tt_7105126361236344091,trangkeo2x,âp này là áp j vậy ạ,1781335838
tt_7105126361236344091_7571004457603089169,tt_7105126361236344091,trc.c.thn.1990h.gi,aap j ạ,1781335838
tt_7105126361236344091_7398048060460253970,tt_7105126361236344091,122001c,Xin chỉ giáo,1781335838
tt_7105126361236344091_7402381804186305298,tt_7105126361236344091,kisama.ken,"mình cần tuyển ng làm ol ,kh cọc kh vốn. Bank công ngay sau khi làm xog",1781335838
tt_7105126361236344091_7398679405524747026,tt_7105126361236344091,t...be2k,app j vậy,1781335838
tt_7105126361236344091_7574970483276415764,tt_7105126361236344091,dnguyen6707,"giờ có nhiều app làm onl ổn mà mấy bà , mấy bà hsinh cấp 2 chưa có cccd hay mẹ bỉm muốn kiếm chút tiền thì thử qua LuckyBuy nhaa.Không cọc không vốn nên khỏi lo scam gì đâu.Muốn thử thì ib tớ hướng dẫn từ A-z luôn nè💓(ngại thì tim tự tìm tới).",1781335838
tt_7105126361236344091_7386140539420836615,tt_7105126361236344091,dephongmaycon,uy tín ko,1781335838
tt_7105126361236344091_7547264516942398215,tt_7105126361236344091,ht_kute1,Ap j v mn,1781335838
tt_7313169956416277768_7313328980743553793,tt_7313169956416277768,hoahong080291,Zalopay nhiều người sử dụng lắm nè,1781335838
tt_7313169956416277768_7313243716436935426,tt_7313169956416277768,huongtran3681,@Julia Thao,1781335838
tt_7313169956416277768_7313249947187446536,tt_7313169956416277768,nma_8084,thanh toán nhanh gọn mà tiện quá luôn,1781335838
tt_7313169956416277768_7313251150894170881,tt_7313169956416277768,nguyen_dung_2610,vậy thì Zalopay giờ quá tiện rồi,1781335838
tt_7313169956416277768_7313251825325671170,tt_7313169956416277768,nguyencong1603,Zalopay đc nhiều ng tin dùng nè,1781335838
tt_7313169956416277768_7313251751213548290,tt_7313169956416277768,nguyencong1603,@Hoàng Minh Tâm715,1781335838
tt_7313169956416277768_7313315084411257602,tt_7313169956416277768,saodem080291,Zalopay dùng có mất phí không ạ,1781335838
tt_7313169956416277768_7313315177147024129,tt_7313169956416277768,saodem080291,@mùa đông tính năng như app ngân hàng ý nhỉ,1781335838
tt_7313169956416277768_7313322301423108866,tt_7313169956416277768,quanhuong1612,Zalopay dễ sử dụng lại rất tiện thanh toán nha,1781335838
tt_7313169956416277768_7313322230171239170,tt_7313169956416277768,quanhuong1612,@tungthu bạn cài ứng dụng này chưa,1781335838
tt_7313169956416277768_7313325140782826258,tt_7313169956416277768,anh.kim997,Tiện hẳn luôn b ha,1781335838
tt_7313169956416277768_7313240415678825217,tt_7313169956416277768,h.chu776,E cũng dùng zalopay ne,1781335838
tt_7313169956416277768_7313329085256860418,tt_7313169956416277768,hoahong080291,@sương đêm bạn tải ứng dụng chưa,1781335838
tt_7313169956416277768_7313340660014007047,tt_7313169956416277768,mebinbo123,@Ngọc Lê 2015,1781335838
tt_7313169956416277768_7313340658491949832,tt_7313169956416277768,mebinbo123,thanh toán nhanh gọn chị nhỉ,1781335838
tt_7313169956416277768_7313379839438832386,tt_7313169956416277768,loichoi_91,Zalopay công nhận tiện dễ sử dụng liên kết nhiều ngân hàng,1781335838
tt_7313169956416277768_7313379797023064834,tt_7313169956416277768,loichoi_91,@nhí nhố tải về dùng ngay nè,1781335838
tt_7313169956416277768_7313381447376618241,tt_7313169956416277768,jenny.truong86,@Mặt Trời Mọc628 nè bà,1781335838
tt_7313169956416277768_7313385918756389639,tt_7313169956416277768,tipslamdepcuaxuan,Mua gì cũng quẹt là tèo nha 🤣,1781335838
tt_7648901853161229576_7648902254242693896,tt_7648901853161229576,nhoamnhoamorrr,cho đi chung nha,1781335838
tt_7648901853161229576_7649903960039768839,tt_7648901853161229576,phamuytu,thế mà lại hay,1781335838
tt_7648901853161229576_7649614528233538325,tt_7648901853161229576,_ahthhu,Ngại,1781335838
tt_7648901853161229576_7648902245672600328,tt_7648901853161229576,nhoamnhoamorrr,ôi đã,1781335838
tt_7648901853161229576_7648902227764495122,tt_7648901853161229576,nhoamnhoamorrr,:),1781335838
tt_7648901853161229576_7648907095690347285,tt_7648901853161229576,phutruongthang,🥰,1781335838
tt_7645743718988778770_7646018930980766471,tt_7645743718988778770,no_money_no_em1,ib chỉ nhớ phải fl,1781335838
tt_7645743718988778770_7646302006638494472,tt_7645743718988778770,nhtrang_12,ib t chỉ ( yc : fl ),1781335838
tt_7645743718988778770_7646054692901208839,tt_7645743718988778770,_thuyf_ngaan,Ib,1781335838
tt_7645743718988778770_7645753289673769736,tt_7645743718988778770,ngyenducthang3,ib,1781335838
tt_7645743718988778770_7646455689031877384,tt_7645743718988778770,siuuuu131011,Ib chỉ,1781335838
tt_7645215532597267720_7645670378917298945,tt_7645215532597267720,aralbaokhang,Tao mất 2tr r 😭😭,1781335838
tt_7645215532597267720_7648472312664113928,tt_7645215532597267720,wtyiu0,ê giờ bị vượt quá số lần thanh lý số dư thì làm sao nhỉ😭,1781335838
tt_7645215532597267720_7646006949368267541,tt_7645215532597267720,anhh.tuu123,ib t chỉ,1781335838
tt_7645215532597267720_7646276376199349000,tt_7645215532597267720,huyenxinhhueu,ib tớ chỉ á,1781335838
tt_7645215532597267720_7645227155106448146,tt_7645215532597267720,haiden_real,thẻ game 48500 mà tk + xu cộng lại còn k đủ🙏,1781335838
tt_7645215532597267720_7645323485963649813,tt_7645215532597267720,reallapekk1,ê dcm tk t dell đủ 16 số 😭,1781335838
tt_7645215532597267720_7645951899649164040,tt_7645215532597267720,linhtran20400,ib t chỉ,1781335838
tt_7645215532597267720_7645873170532680469,tt_7645215532597267720,thanhnhanxinkgai,Ib tôi chỉ,1781335838
tt_7645215532597267720_7645988182114763540,tt_7645215532597267720,mih_h11,ib t chỉ,1781335838
tt_7645215532597267720_7646316476497740551,tt_7645215532597267720,no_money_no_em3,ib chỉ nhớ phải fl,1781335838
tt_7645215532597267720_7645730795403166485,tt_7645215532597267720,....828281,ib ạ,1781335838
tt_7645215532597267720_7646034959749579528,tt_7645215532597267720,hoangbao1333,ib t chỉ,1781335838
tt_7645215532597267720_7646820944544072464,tt_7645215532597267720,udjfkbid1,ib mik chỉ,1781335838
tt_7645215532597267720_7646077980087665426,tt_7645215532597267720,huy_luoi0,nạp thẳng trg game vẫn dùng đc á mn🤗,1781335838
tt_7645215532597267720_7645970543116534544,tt_7645215532597267720,_minhhieu_210,ib tui chỉ,1781335838
tt_7645215532597267720_7645939859211748117,tt_7645215532597267720,ankkhoadzvkl,Ib t chỉ hết😁,1781335838
tt_7645215532597267720_7645635577098109716,tt_7645215532597267720,boncau11,ib t chỉ,1781335838
tt_7645215532597267720_7645894020439474964,tt_7645215532597267720,....828281,ib t chỉ,1781335838
tt_7645215532597267720_7648614028844319496,tt_7645215532597267720,thuucam,Duma đc vd xhh,1781335838
tt_7645215532597267720_7645536726548267792,tt_7645215532597267720,theekhang1,hn tao còn trừ 80k này ko bt nó Nik sao tao còn chưa kịp lmj,1781335838
tt_7471583156139822343_7589677239923655432,tt_7471583156139822343,huyn.gia.hn.l,Cho mình hỏi muốn tra cả năm thì làm sao ạ,1781335838
tt_7471583156139822343_7607817339232895765,tt_7471583156139822343,tiktok.comkho4.jjz,🗿,1781335838
tt_7471583156139822343_7607817344882361109,tt_7471583156139822343,tiktok.comkho4.jjz,😆,1781335838
tt_7471583156139822343_7591321635534603016,tt_7471583156139822343,nvan_306209,😂,1781335838
tt_7471583156139822343_7642631484797698824,tt_7471583156139822343,hoilamgi0360,😂😂😂,1781335838
tt_7249584289333939462_7261694562539258642,tt_7249584289333939462,shopmean0,Vào thay đổi mật khẩu rồi thay gmal mới là đc,1781335838
tt_7249584289333939462_7259611204036133634,tt_7249584289333939462,thihoai77,mình cũng v,1781335838
tt_7249584289333939462_7258118444880413446,tt_7249584289333939462,trang98.trang,Giống mình,1781335838
tt_7249584289333939462_7263843696051192578,tt_7249584289333939462,cu.ch.nh78,giống lun 😅,1781335838
tt_7249584289333939462_7292968144045277960,tt_7249584289333939462,lynaaa1511,"mình cũng v, kbt phải lm.sao",1781335838
tt_7249584289333939462_7470376404384727829,tt_7249584289333939462,hin.xuka86,Còn giữ bill chuyển khoản hay lịch sử giao dịch thì nhắn mình chỉ cho cách mà lấy lại tiền!,1781335838
tt_7555855498537372936_7607513911718544146,tt_7555855498537372936,trungnguyen27907,mùng 1 tết zalo bảo trì,1781335838
tt_7555855498537372936_7605988206471676693,tt_7555855498537372936,nguyenthao241011,Rồi luôn,1781335838
tt_7555855498537372936_7606016811910054677,tt_7555855498537372936,_lakiet,Hết bảo trì rồi mà chưa nhận được tiền trời ơi,1781335838
tt_7555855498537372936_7606004540622537490,tt_7555855498537372936,thanhlam24_09,S ko anh 🥰,1781335838
tt_7555855498537372936_7630783953164649233,tt_7555855498537372936,puy_en82,la sao:)),1781335838
tt_7555855498537372936_7605987116737217281,tt_7555855498537372936,nvh929,Chịu lun,1781335838
tt_7555855498537372936_7606194639058813703,tt_7555855498537372936,qc.hwng207,sao hqua chuyển vào mà giờ chx thấy về vậy😭,1781335838
tt_7555855498537372936_7605996803167027988,tt_7555855498537372936,baongoc3995,Này Ls v,1781335838
tt_7555855498537372936_7606206075294368519,tt_7555855498537372936,bomayladinhthi1405,tiền qua g chưa vào dc tưởng mỗi mình bị mà qua g k nhận dc,1781335838
tt_7555855498537372936_7606019741787063061,tt_7555855498537372936,black_tt_03,Được rồi ê ae,1781335838
tt_7555855498537372936_7606010754039071508,tt_7555855498537372936,vn.t35252,Bao h bảo chì song vậy,1781335838
tt_7555855498537372936_7605991942951191316,tt_7555855498537372936,tiniii_ne,ê r baog có lại v....,1781335838
tt_7555855498537372936_7605999567334933268,tt_7555855498537372936,minhtuu.011,nào hết bảo trì vậy mn😭,1781335838
tt_7555855498537372936_7606145771163779847,tt_7555855498537372936,minhphuong_nail,Ngta chuyển tiền cho t từ tối qua mà h chưa nhận được nữa🥺,1781335838
tt_7555855498537372936_7607602690462434055,tt_7555855498537372936,umpalaxixi,mn ơi cho mình zalopay nó thoát ra bắt ghi lại sđth mà mình quên số cũ của m rồi thì sau nó có trở lại bth kh ạ,1781335838
tt_7555855498537372936_7605995272103265045,tt_7555855498537372936,cham55210,mất tiền tht à😭,1781335838
tt_7555855498537372936_7606001819109786384,tt_7555855498537372936,vinhthittheo_123,Cho mik hỏi này vs này mik mới mượn ngta chuyển dùm 100 vô tk giờ s mấy bn,1781335838
tt_7555855498537372936_7606207432235713301,tt_7555855498537372936,nhinlabietvoanhne,toi cũng bị ^^,1781335838
tt_7555855498537372936_7605991219239650068,tt_7555855498537372936,lathiyennhu,ê 1tr làm tóc^^,1781335838
tt_7555855498537372936_7588105508726178568,tt_7555855498537372936,mituotso1thgioi,bạn nhận dc chưa ạ :)) tui đag bị v,1781335838
tt_7646629113255447829_7646653411187278613,tt_7646629113255447829,vantiendung31,mọi ng cần hỗ trợ ib mình nhé,1781335838
tt_7649899832848452885_7650108162383414024,tt_7649899832848452885,bggu997bdr0,Thả con tép ở Cm68 . Fun nay cũg húp đk con tôm r,1781335838
tt_7649899832848452885_7650088323893625621,tt_7649899832848452885,bichtran176,❤️❤️❤️❤️❤️❤️,1781335838
tt_7649899832848452885_7650114040405132053,tt_7649899832848452885,xun.thng.trn93,🥰🥰🥰🥰🥰,1781335838
tt_7643384018356030741_7643390786365604629,tt_7643384018356030741,mesaidno,m làm cho zalopay a?????,1781335838
tt_7643384018356030741_7643393395008717575,tt_7643384018356030741,nnkhanh04,tốt r,1781335838
tt_7643384018356030741_7643428424917631751,tt_7643384018356030741,daok.linh,k có lương thì được dùng k cậu,1781335838
tt_7643384018356030741_7643435699015287570,tt_7643384018356030741,hanu_say_hiii,Tỉ to cơ r,1781335838
tt_7643384018356030741_7643500667097645845,tt_7643384018356030741,linhdan040805,Hời thế sốp juan k v,1781335838
tt_7643384018356030741_7643418964542309141,tt_7643384018356030741,xuanmaitruong235,Quào,1781335838
tt_7643384018356030741_7643385368502780680,tt_7643384018356030741,maianhhoang_04,Đẳng cấp quó,1781335838
tt_7643384018356030741_7643411993844171540,tt_7643384018356030741,woxiainj,[ステッカー] ok,1781335838
tt_7643384018356030741_7643751875736634128,tt_7643384018356030741,_yenhoang206_,Típ hay dữ,1781335838
tt_7643384018356030741_7643411986063229716,tt_7643384018356030741,woxiainj,ok,1781335838
tt_7643384018356030741_7643751860742767376,tt_7643384018356030741,_yenhoang206_,để mình áp dụng,1781335838
tt_7643384018356030741_7643391873394017040,tt_7643384018356030741,linlinh.0505,😂😂😂,1781335838
tt_7643384018356030741_7643387760696132359,tt_7643384018356030741,akaak268,😂,1781335838
tt_7643384018356030741_7643391539674088193,tt_7643384018356030741,linlinh.0505,🥰🥰🥰,1781335838
tt_7643384018356030741_7643392102265930497,tt_7643384018356030741,nhatkididongcualinhh,🥰🥰🥰,1781335838
tt_7643384018356030741_7643387819968332551,tt_7643384018356030741,akaak268,🤣🤣,1781335838
tt_7643384018356030741_7643387908159144722,tt_7643384018356030741,akaak268,😏😏😏,1781335838
tt_7643384018356030741_7643385400928584466,tt_7643384018356030741,maianhhoang_04,🥰🥰🥰,1781335838
tt_7643384018356030741_7643387784892089095,tt_7643384018356030741,akaak268,🥲,1781335838
tt_7215924884642303258_7374800483485090577,tt_7215924884642303258,trieudinhphu.offical,Chỉ dành cho người mới đăng ký zalo pay thui nha bạn,1781335838
tt_7215924884642303258_7457046743147528981,tt_7215924884642303258,cohoangvann,"Anh chị nào bị lừa qua mạng thì nhắn tin em chỉ cho cách lấy lại nha
..",1781335838
tt_7215924884642303258_7432221565305275156,tt_7215924884642303258,tr.my2349,A/chị nào đang bị treo tiền hay bị lừa qua mxh mà chưa biết cách lấy lại thì ib mình chỉ chỗ uy tín lấy lại thu phí sau nha,1781335838
tt_7215924884642303258_7470814263490429716,tt_7215924884642303258,nhuy1233ab,Bị mất tiền trong tài khoản mà còn giữ lại lịch sử giao địch nhắn mình chỉ cách lấy lại,1781335838
tt_7645834651180764423_7645842658926543623,tt_7645834651180764423,tapptooo08455,Ai b bảo tui với😹,1781335838
tt_7645834651180764423_7646030314238182152,tt_7645834651180764423,linhtran20400,ib t chỉ,1781335838
tt_7645834651180764423_7646017285916853012,tt_7645834651180764423,tin.b.nguuuuuu,Ib tui chỉ nha,1781335838
tt_7645582341213048084_7645589015093445384,tt_7645582341213048084,hipp_cute0,ê t cũng bị cay vl😭,1781335838
tt_7645582341213048084_7645589168438231829,tt_7645582341213048084,huyntranz_0112,không chuyển qua mã đc thôi ý chuyển qua stk vẫn đc,1781335838
tt_7645582341213048084_7645596081874617108,tt_7645582341213048084,thohaybuon211,xác thực đi là dc mà,1781335838
tt_7645582341213048084_7646276096628212487,tt_7645582341213048084,huyenxinhhueu,ib tớ chỉ á,1781335838
tt_7645582341213048084_7646005535125635861,tt_7645582341213048084,9hvanlang0,Ib t chỉ hết🥰,1781335838
tt_7645582341213048084_7645701515990106898,tt_7645582341213048084,ngnhuquynh_0210,ib t chỉ t lấy 10 k thoi,1781335838
tt_7618919016404372754_7647382576412492552,tt_7618919016404372754,thanhvi1231323321233123,liên hệ kiểu j v,1781335838
tt_7206648918363393307_7208193950564418330,tt_7206648918363393307,25251325jqka,Hay,1781335838
tt_7633071506066771220_7647722559178801940,tt_7633071506066771220,khongcongidemat112,Chỉ vs ạ,1781335838
tt_7645300158648831240_7645493850585334535,tt_7645300158648831240,26th8ng2.0,zalo pay giở chứng vl,1781335838
tt_7645300158648831240_7645351742390633234,tt_7645300158648831240,pkhahduy_haru,e t cx vừa bị h kh biếc lấy tiền ra s,1781335838
tt_7645300158648831240_7646347243499455250,tt_7645300158648831240,cammauo,tim = chỉ🥺,1781335838
tt_7645300158648831240_7645521109534606101,tt_7645300158648831240,quynhnhupham20100,Ib tui chỉ,1781335838
tt_7645300158648831240_7645541083434828564,tt_7645300158648831240,nhminh079,Ib tui chỉ xài lại zalopay nè,1781335838
tt_7645300158648831240_7645570146895250183,tt_7645300158648831240,nguyenthientruonggg,ib t chỉ từng người,1781335838
tt_7645300158648831240_7645856840961917716,tt_7645300158648831240,trucmeoxih_,ib t chỉ hết,1781335838
tt_7645300158648831240_7645568728974115592,tt_7645300158648831240,dcmcuocdoi123456,ib t chỉ,1781335838
tt_7645300158648831240_7645709611462542100,tt_7645300158648831240,iuolaiu._,Chỉ free,1781335838
tt_7645300158648831240_7645613371875099393,tt_7645300158648831240,thao.zy1209,ib t rep luôn,1781335838
tt_7645300158648831240_7645835040995934994,tt_7645300158648831240,ngc.linh5434,Sao mà chuyển lấy tiền đây 😧🥹😭😭,1781335838
tt_7645300158648831240_7645478296797577991,tt_7645300158648831240,huonggtraa.0607,ôi may là tk t vừa ht tiền 😅😅,1781335838
tt_7645300158648831240_7646307994288571156,tt_7645300158648831240,kien.kien478,Nhận miễn phí,1781335838
tt_7645300158648831240_7645481760201818896,tt_7645300158648831240,anhvu_320,ai cần tui chỉ ko,1781335838
tt_7645300158648831240_7645546411341284114,tt_7645300158648831240,jetjetlo99,dễ mà ib tui chỉ,1781335838
tt_7645300158648831240_7645911886785528594,tt_7645300158648831240,nhtrang_12,t chỉ 1s ( fl tim vd ),1781335838
tt_7645300158648831240_7645514002764808981,tt_7645300158648831240,mtt_o8,ib tui chỉ,1781335838
tt_7645300158648831240_7645505712189817620,tt_7645300158648831240,baoangg3,ib chỉ,1781335838
tt_7645300158648831240_7645396929174684434,tt_7645300158648831240,hoangtuan8260,ib t chỉ,1781335838
tt_7650523674558254357_7650525497302434580,tt_7650523674558254357,hoa88666,@USD Hoa:🥰🥰🥰like...like.🥰🥰🥰,1781335838
tt_7650523674558254357_7650526315159126805,tt_7650523674558254357,bongcutee73,@đau vì tình 💔 @Tr Hai Yen💗 điên lun🥰,1781335838
tt_7650523674558254357_7650532106830168848,tt_7650523674558254357,nhuquynh27902,@ntl @_tuun_ xog ln,1781335838
tt_7636296821823868178_7646279426770092820,tt_7636296821823868178,shen_an_di972,chỉ với,1781336257
tt_7636296821823868178_7648137280255705877,tt_7636296821823868178,nguyendanhtra,ibb,1781336257
tt_7636296821823868178_7648209040909583124,tt_7636296821823868178,nguyenhang061010,Chỉ với,1781336257
tt_7636296821823868178_7649803862387819272,tt_7636296821823868178,kimthu_3011,chỉ voi,1781336257
tt_7636296821823868178_7650306271589073684,tt_7636296821823868178,vduck226,chỉ vs ạ,1781336257
tt_7636296821823868178_7647400899786720021,tt_7636296821823868178,voiulevi001,Chỉ voi,1781336257
tt_7636296821823868178_7648578653807543047,tt_7636296821823868178,ngoctram_bii11,chỉ với ạ,1781336257
tt_7636296821823868178_7646064526567916309,tt_7636296821823868178,xiro52011,Chỉ mình vs,1781336257
tt_7636296821823868178_7649003920849470226,tt_7636296821823868178,binthuii_30,chỉ vs,1781336257
tt_7636296821823868178_7649365665351435028,tt_7636296821823868178,luuvan45082,Chỉ với,1781336257
tt_7636296821823868178_7646458795530535700,tt_7636296821823868178,ditmethieutien,chỉ voi aa,1781336257
tt_7636296821823868178_7648522643298353938,tt_7636296821823868178,doibuon.com2768,Chỉ với,1781336257
tt_7636296821823868178_7647833478301844242,tt_7636296821823868178,bibasankaiserno.1,help chỉ với tus,1781336257
tt_7636296821823868178_7645589097017066260,tt_7636296821823868178,chamhet.27,ib tớ chỉ,1781336257
tt_7636296821823868178_7639463063335092993,tt_7636296821823868178,baoochiixinh,ib ạ,1781336257
tt_7636296821823868178_7640390199910417173,tt_7636296821823868178,sun_depzaii2,chỉ voii,1781336257
tt_7636296821823868178_7645730990539637522,tt_7636296821823868178,lamtung9913,Ib,1781336257
tt_7636296821823868178_7645662700576588564,tt_7636296821823868178,_tuanvu011_,Ib,1781336257
tt_7636296821823868178_7641746296017355527,tt_7636296821823868178,ltx211.0,chỉ voi,1781336257
tt_7636296821823868178_7641437357811696391,tt_7636296821823868178,meoctedangiu_,Chỉ tui vs,1781336257
tt_7645606797918702869_7645737052914959111,tt_7645606797918702869,congsangqq,ib chỉ fre,1781336257
tt_7645606797918702869_7645949435990803208,tt_7645606797918702869,user.trnmi,ib tui chỉ,1781336257
tt_7645606797918702869_7645963089616487186,tt_7645606797918702869,trantruongvu53,ib t chỉ,1781336257
tt_7645606797918702869_7646409449619358484,tt_7645606797918702869,minhtri18010,Chỉ tui với mn,1781336257
tt_7645606797918702869_7646244406672294664,tt_7645606797918702869,huyenxinhhueu,ib t cứu,1781336257
tt_7645606797918702869_7647012125986489106,tt_7645606797918702869,hlong11244,kh có ngân hàng để liên kết còn cứu dc kh ạ,1781336257
tt_7645606797918702869_7645855980416697106,tt_7645606797918702869,aduatobi2107,ib t,1781336257
tt_7645606797918702869_7645886735197405959,tt_7645606797918702869,nhtrang_12,ib t chỉ🥺,1781336257
tt_7645606797918702869_7646122867047285520,tt_7645606797918702869,scater0999,ib tuii chỉ từng ng nhó,1781336257
tt_7645606797918702869_7646723931847541525,tt_7645606797918702869,used30060,cứu tui cban ơi,1781336257
tt_7645606797918702869_7645921904138306305,tt_7645606797918702869,nhm.h.hoi,chỉ mình với,1781336257
tt_7645606797918702869_7646813007025210130,tt_7645606797918702869,_.socdyeu06._,Ai cứu t vs,1781336257
tt_7645606797918702869_7645964088414159637,tt_7645606797918702869,trucmeoxih_,ib chỉ free,1781336257
tt_7645606797918702869_7645681716623426322,tt_7645606797918702869,lthkus,Ib tui,1781336257
tt_7645606797918702869_7645889920250675988,tt_7645606797918702869,gilajbo,ai làm đc chỉ vs,1781336257
tt_7645606797918702869_7645952724266697479,tt_7645606797918702869,khnh.huyn.nguyn,chỉ tui vs,1781336257
tt_7645606797918702869_7645895898086572820,tt_7645606797918702869,_ta640,ib t chỉ,1781336257
tt_7645606797918702869_7646347406845608711,tt_7645606797918702869,huyenxinhhueu,Ib chỉ free,1781336257
tt_7645606797918702869_7645856960818152212,tt_7645606797918702869,onetwo10030,ib kh phí,1781336257
tt_7645606797918702869_7645848839404978965,tt_7645606797918702869,h.thanh.ngn97,aii chỉ vơiis,1781336257
tt_7589256454167710997_7589619861548466961,tt_7589256454167710997,nth030898,Xoá tài khoản mới đk chứ xoá app thì tài khoản vẫn còn mà,1781336257
tt_7589256454167710997_7589617711513273106,tt_7589256454167710997,haitrungkim8187,m.n có để ý..điện thoại đời củ zalo k gửi ép cập nhật thỏa thuận này đc ...???có lẽ nào đt đời mới có phần mềm nào mà các app lấy đc tt ng dùng??,1781336257
tt_7589256454167710997_7589848625502765845,tt_7589256454167710997,kieutatoo311,Tui k đọc và đã đồng ý🥺,1781336257
tt_7589256454167710997_7589664569527943944,tt_7589256454167710997,phule19888,sao của tui ko thấy báo gì hết ta 🤔,1781336257
tt_7589256454167710997_7589942320347546369,tt_7589256454167710997,vtn18697,"ê tui 2 zalo 1 cv 1 cá nhân , 1 cái có 1 cái không
mà tui sài bên line rồi🥰🥰",1781336257
tt_7589256454167710997_7589655497738502929,tt_7589256454167710997,vuongk25,thấy zaIo truy cập quá trời,1781336257
tt_7589256454167710997_7589666181108941575,tt_7589256454167710997,quen16382791,Tôi xoá ứng dụng tải lại về nó vẫn bị nhé,1781336257
tt_7589256454167710997_7589636927285887760,tt_7589256454167710997,nguyenhuu.69e1,7 học 🤣,1781336257
tt_7589256454167710997_7589888741599380245,tt_7589256454167710997,ngi.ko.phi,Tôi ko thấy gửi câi nay đến may tôi nhỉ,1781336257
tt_7589256454167710997_7589613434926154504,tt_7589256454167710997,thanh.in741,tôi cũng vì công việc chứ không tôi đã xóa nó từ rất lâu rồi,1781336257
tt_7589256454167710997_7590006786636399368,tt_7589256454167710997,khoa65980,xoá rồi lại ko nhận đc thông báo tiền điện nước 😌,1781336257
tt_7589256454167710997_7589979662886126344,tt_7589256454167710997,n_cute99,Phải chi tao coi clip này 4 ngày trước thì hay biết mấy 😞,1781336257
tt_7589256454167710997_7589900126135567121,tt_7589256454167710997,l.cn462,tôi đồng ý rồi giờ sao,1781336257
tt_7589256454167710997_7589879944139670280,tt_7589256454167710997,ansong2893,T đồng ý hết rồi vì t phải làm việc qua zl vl thật,1781336257
tt_7589256454167710997_7589683899987821320,tt_7589256454167710997,hieuminh9476,đấy của tui hôm tuần trước đang yên cũng thế này ko có nút thoát luôn bắt buộc phải bấm đồng ý,1781336257
tt_7589256454167710997_7589710586914521857,tt_7589256454167710997,nhp6606,Zalo làm đúng việc nhưng sai thời điểm thôi.,1781336257
tt_7589256454167710997_7589999917809156884,tt_7589256454167710997,sina.chao,có ai giống mình ko chưa đọc hết đã bấm đồng ý rồi 😂,1781336257
tt_7589256454167710997_7589840094732108561,tt_7589256454167710997,rimhf03,tui lỡ đồng ý hết rồi 🥺,1781336257
tt_7630664796811037983_7642107753263088414,tt_7630664796811037983,vamp3339,@Vampy🧛🏼: cashapp me 1 dollar ( $budgetbirdie ),1781336257
tt_7630664796811037983_7630676004965843742,tt_7630664796811037983,richoffgrannyss,Dm me,1781336257
tt_7630664796811037983_7636188615135773471,tt_7630664796811037983,ttp.jayyx,Let me get 200 I pay u back,1781336257
tt_7630664796811037983_7635751379081216781,tt_7630664796811037983,pokka1038,"This vendor methods is straight-up legendary. PAYWAVY know what he’s doing when it comes to step walk thru, no doubt",1781336257
tt_7549158663634652423_7549158993765466887,tt_7549158663634652423,nguyentam2028,Kết bạn.Với e tâm sự nc a nhé,1781336257
tt_7549158663634652423_7581712940488540944,tt_7549158663634652423,a.bao.oi,E dau e,1781336257
tt_7549158663634652423_7564487442654380808,tt_7549158663634652423,quang_viet_1990_yeu_vo,đâu e,1781336257
tt_7549158663634652423_7584541299102155538,tt_7549158663634652423,hong.le8992,nói chuyện với nhau được ko E,1781336257
tt_7549158663634652423_7555039176120845064,tt_7549158663634652423,quangdang.1989,ko thấy số .,1781336257
tt_7549158663634652423_7581716220975334152,tt_7549158663634652423,loi.nguyen.van77,em cho anh sdt cua em đi minh kêt ban zalo nhe,1781336257
tt_7549158663634652423_7578024170706256658,tt_7549158663634652423,senh.vang37,xin chào em mình kết bạn nhé em,1781336257
tt_7549158663634652423_7583747283663946503,tt_7549158663634652423,tanloc.vn.com,Em ở đâu,1781336257
tt_7549158663634652423_7579977103086928648,tt_7549158663634652423,usermkrkhkg3d5,Cho anh sdt nha em,1781336257
tt_7549158663634652423_7584686244920345351,tt_7549158663634652423,mr.thnh.gk,Ib nói chuyện đc k e,1781336257
tt_7549158663634652423_7583194865312875282,tt_7549158663634652423,nguyn.hnh.pt,Anh kết bạn được không em,1781336257
tt_7549158663634652423_7582884114739806983,tt_7549158663634652423,ty.phng99,Có thấy số đâu,1781336257
tt_7549158663634652423_7578845610292740871,tt_7549158663634652423,nguyentuan0019999,❤❤❤❤Em ở đâu thế,1781336257
tt_7549158663634652423_7582813503905006344,tt_7549158663634652423,vanhien2408,cho a số polime đi e,1781336257
tt_7549158663634652423_7583956853178073863,tt_7549158663634652423,user8040141572655,e ở đâu vậy e,1781336257
tt_7549158663634652423_7581442526197302033,tt_7549158663634652423,fhhcgygffd3,sdt,1781336257
tt_7549158663634652423_7555862796829066002,tt_7549158663634652423,nguynvnmc3,em ở đâu k b nhé,1781336257
tt_7549158663634652423_7578802421591622418,tt_7549158663634652423,a.mun.tyc,Sao để có Sđt của e để kết bạn Zalo,1781336257
tt_7549158663634652423_7576638020062823169,tt_7549158663634652423,phong.bnh987,cho ak sdt di,1781336257
tt_7631174252799986952_7636006080212288277,tt_7631174252799986952,a_cll09,PayPayください,1781336257
tt_7631174252799986952_7635948480645464839,tt_7631174252799986952,.o.osu,おねがいします,1781336257
tt_7631174252799986952_7637441032581694226,tt_7631174252799986952,narutxwgl4j,お願いします,1781336257
tt_7631174252799986952_7634005985123697428,tt_7631174252799986952,yukiy493,誰かお願いします,1781336257
tt_7631174252799986952_7634165677910246164,tt_7631174252799986952,user67367213594938,誰かください,1781336257
tt_7631174252799986952_7648647349992866561,tt_7631174252799986952,ylxp_,5000円倍増してほしいです🖐🏻🖐🏻,1781336257
tt_7631174252799986952_7648138524603024149,tt_7631174252799986952,user12270509,誰かお願いします,1781336257
tt_7631174252799986952_7649399282704990993,tt_7631174252799986952,fifegqmgadz,して欲しいです,1781336257
tt_7631174252799986952_7647835098289537808,tt_7631174252799986952,uuuuu_567,30円を3万にしてください,1781336257
tt_7631174252799986952_7647532129974354706,tt_7631174252799986952,jjjxgtwtpkmwtq,倍増して欲しいです,1781336257
tt_7631174252799986952_7643059699121685268,tt_7631174252799986952,user2176550110591,誰かください,1781336257
tt_7631174252799986952_7647531412048937749,tt_7631174252799986952,user500229259103,いっぱい増やしてくれ人いないですか？,1781336257
tt_7631174252799986952_7645631369112617746,tt_7631174252799986952,trtrtr184,だれかしてー,1781336257
tt_7631174252799986952_7646056684024300308,tt_7631174252799986952,a41962570,50円も5000円にできないですか、？,1781336257
tt_7631174252799986952_7648560953067930376,tt_7631174252799986952,user1251028151413,誰かpaypayください,1781336257
tt_7631174252799986952_7646019371296146196,tt_7631174252799986952,aaaa970901,お願いします😭,1781336257
tt_7631174252799986952_7637525899151573780,tt_7631174252799986952,l1542939,誰か倍増してください,1781336257
tt_7631174252799986952_7648204774605374228,tt_7631174252799986952,user12270509,少額からできる方お願いします,1781336257
tt_7631174252799986952_7637444415225119506,tt_7631174252799986952,takoramenn1945,倍増して欲しいです,1781336257
tt_7631174252799986952_7634380172523537170,tt_7631174252799986952,user127283244575,30000🍀じゆ,1781336257
tt_7622751248571305246_7622759313979458335,tt_7622751248571305246,joe897785,How do I sign up ?,1781336257
tt_7622751248571305246_7623789342611538718,tt_7622751248571305246,jeff.jarrett60,Cool video ...You should show more of how the app works,1781336257
tt_7622751248571305246_7628598588164211469,tt_7622751248571305246,dontbanme938,"Okay, but...why not just use USD or credit? Is there something wrong with our current system?",1781336257
tt_7622751248571305246_7622754719831769870,tt_7622751248571305246,tesla.flex,How was the burger,1781336257
tt_7622751248571305246_7622779410693161761,tt_7622751248571305246,wiffy_warrior_amagik,tou are 💯 so positive and I like all your posts about Tesla ♥️,1781336257
tt_7622751248571305246_7624536392337703711,tt_7622751248571305246,toniofnewengland,Let’s GO X MONEY 💰,1781336257
tt_7342869969446702341_7624353468136325902,tt_7342869969446702341,yourdabanzhang,专业🥰🥰🥰,1781336257
tt_7342869969446702341_7625835590588220190,tt_7342869969446702341,ebu7229,蹲个老板,1781336257
tt_7650492204175215880_7650757208099177234,tt_7650492204175215880,ly.man73,Sao có 145 xu v nhờ,1781336257
tt_7650492204175215880_7650753646150484756,tt_7650492204175215880,hong.khiiidzs1cma,tim chéo ạ,1781336257
tt_7650492204175215880_7650495173042340616,tt_7650492204175215880,minhham61,coi ở đâu vậy,1781336257
tt_7650492204175215880_7650492425682010898,tt_7650492204175215880,hauhuunh2007,ước được lên 10k viu 🫪🤣✅,1781336257
tt_7650492204175215880_7650534938278101781,tt_7650492204175215880,minh.giang336,145hh 😂,1781336257
tt_7650492204175215880_7650507615126356743,tt_7650492204175215880,minhham61,ừ,1781336257
tt_7608402279296716062_7610568427049550606,tt_7608402279296716062,__pythagoras_,pmo a method,1781336257
tt_7608402279296716062_7610150251371250462,tt_7608402279296716062,lostinthewind18,I will find a method 🙂‍↔️,1781336257
tt_7608402279296716062_7632862215792558870,tt_7608402279296716062,pofawhii2k4,G24LOG I just recently found your channel and You guys are without a doubt my new favorite. i love that you make people whole again keep up☮️💴,1781336257
tt_7608402279296716062_7632801883304264470,tt_7608402279296716062,rabovepin0k,WAVESWIPE I just recently found your channel and You guys are without a doubt my new favorite. i love that you make people whole again keep up🏦,1781336257
tt_7608402279296716062_7610551233451524895,tt_7608402279296716062,flexxorr,Holy larp,1781336257
tt_7608402279296716062_7610214563787080462,tt_7608402279296716062,raygonyung,w larps?,1781336257
tt_7551633562143853832_7551639591892075282,tt_7551633562143853832,lekhoihvhp,Quả này mấy bà đổi tiền ở cửa khẩu móm rồi 😂😂😂,1781336257
tt_7551633562143853832_7551676186809352967,tt_7551633562143853832,iamluom,Zalo là của TQ mà,1781336257
tt_7551633562143853832_7551658832746431250,tt_7551633562143853832,bmaivn,"Chuyển đổi số thì VN cũng vươn tầm, hi vọng các nước đưa đồng tiền VN sử dụng chung, bỏ USD và nd tệ ……",1781336257
tt_7551633562143853832_7551645510370476807,tt_7551633562143853832,hovannghia99,Tiền giá trị thấp gần nhất tg thì nói to làm dì. Ai ôm tiền VN thì sau 10 năm thì mất hết giá trị,1781336257
tt_7551633562143853832_7551684627099419400,tt_7551633562143853832,trungnt315,"VND nào được tiêu. Zalo pay nó tạo cơ chế chuyển đổi trực tiếp giữa VND và RMB giống mấy cái thẻ Credit Card thôi chứ gì, phí chuyển đổi chẳng lè lưỡi :))))",1781336257
tt_7551633562143853832_7551651553468711698,tt_7551633562143853832,phongthai345,"Mỹ nó cay lắm đó, đừng có khoe",1781336257
tt_7551633562143853832_7551638097827840789,tt_7551633562143853832,dat.tn991,Phi dolar hoá.,1781336257
tt_7551633562143853832_7551664807730529044,tt_7551633562143853832,cokhinaotaxanhau94,khả năng trung quốc nó mua cổ phần của zalo rồi,1781336257
tt_7551633562143853832_7551679274077881095,tt_7551633562143853832,appleuser53593384,"Việt Nam! China,lào,triều tiên sẽ tạo thành một quần thể tiền tệ chug.và chỉ chơi vs nhau kiểu như hủi 🤣🤣🤣",1781336257
tt_7551633562143853832_7551657313389937429,tt_7551633562143853832,ra.xe.t.ng2,tôi không biết gì về tiền tệ… nhưng hồi đó giờ chưa đi đâu sd được.. giờ qua TQ sd được là một bước tiến.. và có quyền hy vọng sẽ có nước thứ hai…..,1781336257
tt_7551633562143853832_7551669800074855186,tt_7551633562143853832,to.nt.sg,Chỉ cần đc chấp thuận ở nước khác là đồng tiền mạnh lên. Hơn nữa lại là thị trưởng tỷ dân thì độ uy tín của VND lại tăng thêm 1 bậc. Bước đi này quá hay TQ đã giúp VN nâng tầm VND lên rất nhiều,1781336257
tt_7551633562143853832_7551703555871638290,tt_7551633562143853832,traique01234,trung quốc muốn kéo VN gần lại hơn,1781336257
tt_7551633562143853832_7552327685953159956,tt_7551633562143853832,thobui220,Zalo có trả vào mã QR của alipay được không nhỉ,1781336257
tt_7551633562143853832_7551644278881338119,tt_7551633562143853832,lieutran616,mỹ cũng buộc làm tương tự với đồng vn đồng tại mỹ,1781336257
tt_7551633562143853832_7551640182195438343,tt_7551633562143853832,nguoiduhanh883,"thế thì , tiêu tiền thoải mái , khỏi lo đổi tiền",1781336257
tt_7551633562143853832_7551644481080443669,tt_7551633562143853832,tin.t5281,Quá tuyệt vời phi usd hoá,1781336257
tt_7551633562143853832_7553104267823088392,tt_7551633562143853832,thanhphong039039,"Tuyệt vời bỏ bớt trung gian USD nếu không cần thiết. Như khi xuất nhập khẩu qua Trung Quốc, Ấn Độ, Nga… nên dùng tiền nội tệ để mua bán",1781336257
tt_7551633562143853832_7551971500107137800,tt_7551633562143853832,chuynseng,Tiến Hán Nô,1781336257
tt_7551633562143853832_7551737828574855944,tt_7551633562143853832,hieunguyen0514,Thế trung lấy vnđ về làm gì,1781336257
tt_7405437972813794576_7405543081547793159,tt_7405437972813794576,gitcheegitcheegoooooooo,nếu xoá tài khoản Zalopay thì tài khoản Zalo có bị xoá theo không ạ?,1781336257
tt_7405437972813794576_7609347466077192981,tt_7405437972813794576,leexray.m,z là kh liên kết ngân hàng chuyển khoản vs ngkhc chuyển khoản dc kh,1781336257
tt_7405437972813794576_7405784417569112848,tt_7405437972813794576,khanh_linh864,Đã mất phí mỗi lần chuyển tiền 🙃,1781336257
tt_7405437972813794576_7567471701354316565,tt_7405437972813794576,tnz1904,ủa cj oiii zlpay hok có stk hả cj,1781336257
tt_7405437972813794576_7589593097019163413,tt_7405437972813794576,wa_051,em qua nc ngoài không dùng được sim nên ko vào được ngân hàng nên nếu không liên kết thì có giao dịch nạp thẻ không,1781336257
tt_7405437972813794576_7635839170925167368,tt_7405437972813794576,tuchebachphuong,Nạp tiền vào zalo pay có mất phí hay ko vậy,1781336257
tt_7405437972813794576_7628196034024080136,tt_7405437972813794576,gau_dangyeu0,Không liên kết vs ngân hàng thì chuyển tiền với dùng như bình thường đc không ạ.?,1781336257
tt_7405437972813794576_7407313482557047560,tt_7405437972813794576,tudz06.06,ai ko dùng dép lào ib em thu,1781336257
tt_7405437972813794576_7596326265444614919,tt_7405437972813794576,cothaicukhaianhlabono,Zalo pay là của vp bank dko ạ,1781336257
tt_7405437972813794576_7406928017720099602,tt_7405437972813794576,luudatsignature,sao ko thanh toán tiktok shop bằng tài khoản trả sau đc nhỉ?,1781336257
tt_7405437972813794576_7564794639455322887,tt_7405437972813794576,baophuong040503,sao e k liên kết ngân hàng duoc ạ,1781336257
tt_7405437972813794576_7646825618751849224,tt_7405437972813794576,zlp33333,Ib t chỉ free nè,1781336257
tt_7405437972813794576_7567994739259032327,tt_7405437972813794576,hnank_nav,🤣,1781336257
tt_7405437972813794576_7561291891326993169,tt_7405437972813794576,inghuyen2909,😍,1781336257
tt_7405437972813794576_7443067605890597640,tt_7405437972813794576,ynnhi3591,😂😂😂,1781336257
tt_7405437972813794576_7600631559576519445,tt_7405437972813794576,ha0808_02,😁😁😁,1781336257
tt_7405437972813794576_7405443280605479687,tt_7405437972813794576,zalopay.vn,Thanh toán qua mọi ứng dụng ngân hàng hoàn toàn dễ dàng qua Zalopay!,1781336257
tt_7405437972813794576_7411506914683650824,tt_7405437972813794576,lamcs04,cho mình hỏi: tại sao mình mở tk trả sau trên zalopay nhưng mọi phương thức thanh toán đều ko hỗ trợ thanh toán?,1781336257
tt_7392575169795034385_7392882200348230417,tt_7392575169795034385,lecongdon,Quét VietQR mỗi tháng trên 3tr còn tính phí k ZLP?,1781336257
tt_7392575169795034385_7392860027869332231,tt_7392575169795034385,lekimvietanh,Giảm phí merchant đi 😅,1781336257
tt_7392575169795034385_7393211358055777031,tt_7392575169795034385,yeu..quai,Vừa quảng cáo zalopay vừa quảng cáo ốp lưng :)))),1781336257
tt_7392575169795034385_7394060339523355408,tt_7392575169795034385,tungtungghettoan,@Zalopay:Hướng dẫn cả nhà cách tích thưởng nè 🥰,1781336257
tt_7440120921265835282_7441487540366000897,tt_7440120921265835282,sound2765890,ここまで来たら引き出すタイミング分からんやろ笑,1781336257
tt_7440120921265835282_7441144918431154962,tt_7440120921265835282,kmkythht10c,増えてる額より貰ってるポイントが尋常じゃないよな😂,1781336257
tt_7440120921265835282_7440315845492278032,tt_7440120921265835282,tthh059,税金はどうなるんだ？😳,1781336257
tt_7440120921265835282_7464259398362727186,tt_7440120921265835282,jojouruiccl,最初どれくらい突っ込んだんですか？ あと、次に何回か突っ込んだりしてるんですか？ 何もわからないので教えて頂ければ幸いです！,1781336257
tt_7440120921265835282_7476064241720935176,tt_7440120921265835282,user9344744537652,ポイントって現金化できるんですか？,1781336257
tt_7440120921265835282_7467225656158470920,tt_7440120921265835282,pachipachi0825,PayPayのポイントだけでこれは凄いな,1781336257
tt_7440120921265835282_7463174504438170385,tt_7440120921265835282,yuhi727,税金かかるみたいですね。,1781336257
tt_7440120921265835282_7441563499660329746,tt_7440120921265835282,user38277030,私も長らく貯めておりますが、上がいました　🤔　凄いの一言,1781336257
tt_7440120921265835282_7445392634753188626,tt_7440120921265835282,k_x11._,最初いくらから始めましたか？,1781336257
tt_7440120921265835282_7446968417989903124,tt_7440120921265835282,79018886j,引き出すって　現金にできるのかしら…　ペイペイでの買い物にしか使えないのでしょうか？,1781336257
tt_7440120921265835282_7454789847161651985,tt_7440120921265835282,s.666110,ごめんなさい全然分からないんですけど、これは420000ポイント稼いだってことですか？,1781336257
tt_7440120921265835282_7449147298795324181,tt_7440120921265835282,toto25252,まーるさん天才ですね！🤣👍,1781336257
tt_7440120921265835282_7444100957443736327,tt_7440120921265835282,sallia206,最初の頃はマイナスでしたか？？,1781336257
tt_7440120921265835282_7461990590156243713,tt_7440120921265835282,yuki18_abechanman,やっぱり気長に長期投資ですよねー‥ビビってポイントめっちゃ分散してます。笑,1781336257
tt_7440120921265835282_7460342380350554888,tt_7440120921265835282,user074136380,これってポイントおろす時も手数取られるんですか?,1781336257
tt_7440120921265835282_7471448610128380690,tt_7440120921265835282,kamomenotamago000,ぼくは100万超えました,1781336257
tt_7440120921265835282_7448203077137531656,tt_7440120921265835282,kxtr_08,とりあえず2000円入れて放置させてても増えるんですか？なにをしないといけないのですか,1781336257
tt_7440120921265835282_7447449416711881490,tt_7440120921265835282,uservpwzr5tgbi,このポイントってどうやってまた戻すんですか？,1781336257
tt_7440120921265835282_7440779711314281237,tt_7440120921265835282,gjjfkekdodkfkfkf,どのコースで運用してますか？,1781336257
tt_7440120921265835282_7451106955030856466,tt_7440120921265835282,funlife954,これ自分もやってます(^^) 青だからクレジットで決済ですよね　　くじも3等必ず当たるから溜まりやすいですよね,1781336257
tt_7638525091478768904_7638565761166410527,tt_7638525091478768904,i_am_whosoever,your video models (structure) are fantastic! keep up the good work!,1781336257
tt_7638525091478768904_7639954263355638541,tt_7638525091478768904,heartland.hobo,Great tips! 🥰,1781336257
tt_7638525091478768904_7640948697782829854,tt_7638525091478768904,trjo2804,"my tip are just get yourself a ZERO international fee CREDIT card and some cash.
Grab for trasportation/food delivery/restaurant dine-in voucher, Ticketbox for show/concert/workshop ticket, Agoda for hotel/hostel/home stay. All of these app accept international visa also.
Most hotels/restaurants/coffee shops accept internation visa now, so save cash for none-visa small vendor or small transaction.",1781336257
tt_7638525091478768904_7640180003837133590,tt_7638525091478768904,noniin_sweden,❤️❤️❤️,1781336257
tt_7638525091478768904_7640594562826404621,tt_7638525091478768904,war666w,🥰🥰🥰,1781336257
tt_7646456798370745608_7646650826429055760,tt_7646456798370745608,family_guy769,"I've fixed it like this, it's fine""",1781336257
tt_7646456798370745608_7646611338316268295,tt_7646456798370745608,nguyendynasty1812,[ステッカー] Icon zalo 2018,1781336257
tt_7646456798370745608_7646665711301247745,tt_7646456798370745608,emojicatuitfg,,1781336257
tt_7646456798370745608_7646627542090334983,tt_7646456798370745608,phucbell_brando36,Gì cơ một cặp đôi?,1781336257
tt_7646456798370745608_7646829441222574856,tt_7646456798370745608,dread_bot251,Couple?,1781336257
tt_7646456798370745608_7646777883785462536,tt_7646456798370745608,pineapple_lover57,[ステッカー] I have this one...,1781336257
tt_7646456798370745608_7646790908393882375,tt_7646456798370745608,funixxxxxxxxxxxxx___92,[ステッカー] That's my brother,1781336257
tt_7646456798370745608_7646808033785103111,tt_7646456798370745608,commplexity,ouuu shii,1781336257
tt_7646456798370745608_7646669867723571989,tt_7646456798370745608,coldoutsidewarminside,[ステッカー] thua hiha,1781336257
tt_7646456798370745608_7648838745755861777,tt_7646456798370745608,diemmy.2.9.99,[ステッカー] ,1781336257
tt_7646456798370745608_7646625552388342548,tt_7646456798370745608,dumemay249,[ステッカー] có tiềm năng ư?,1781336257
tt_7646456798370745608_7646649775400960786,tt_7646456798370745608,giahan_5th1,Dân zalo gặp mess à !?😭,1781336257
tt_7646456798370745608_7646764456445428497,tt_7646456798370745608,huychoitbb,[ステッカー] đó thật sự chỉ là một cái emoji,1781336257
tt_7646456798370745608_7646799300273554197,tt_7646456798370745608,bro_9999999,t một kho,1781336257
tt_7646456798370745608_7646689945399575316,tt_7646456798370745608,tau_b_bay_acc_top,[ステッカー] ,1781336257
tt_7646456798370745608_7646691340771689224,tt_7646456798370745608,phucgia545,popo and meep,1781336257
tt_7646456798370745608_7646681454391051029,tt_7646456798370745608,mmb87,[ステッカー] chỉ là vài cái icon thôi mà,1781336257
tt_7646456798370745608_7646644417013515016,tt_7646456798370745608,ddcr1212lk_98,[ステッカー] ,1781336257
tt_7646456798370745608_7646598329493357332,tt_7646456798370745608,caofonghuy,[ステッカー] ,1781336257
tt_7646456798370745608_7649989160716354324,tt_7646456798370745608,daddys_cum6,[ステッカー] huh?...,1781336257
tt_7642969190290230548_7643821793929773845,tt_7642969190290230548,jean.benedicto89,"sakin 20,000 1st time lng magtry ng paylater",1781336257
tt_7642969190290230548_7648364011188683521,tt_7642969190290230548,jhenganda26,first time yan mi?,1781336257
tt_7642969190290230548_7643318548400292626,tt_7642969190290230548,lykafabrigas,same miii hahaha d ako mkpniwala,1781336257
tt_7598654275400584478_7598659152999138103,tt_7598654275400584478,bsbx433,Này chị sài thẻ nợ để chuyển tiền thì ngân hàng chase nó tính phí chuyển và phí ngoại tệ … này không phải do app mà do ngân hàng nếu lần sau chuyển tiền thì phải add thẻ debit hoặc checking vô app rồi chuyển tốt nhất sẽ không mất phí,1781336257
tt_7598654275400584478_7607548818007868178,tt_7598654275400584478,damvanty2002,Chị ơi cho em hỏi cái em gưởi ít tiền thì gưởi được mà nhiều thì ko gưởi được là sao ak,1781336257
tt_7598654275400584478_7598684693034320653,tt_7598654275400584478,quiinnguyen3,"Ba ơi bà gửi tiền bằng credit card no thu fee transaction fee, mà foreign fee nữa nên nó cao. Muốn free cho lần đâu tiên phải dùng debit card. Còn giờ này ở đâu 12$ cho 5000$ gửi. 3% fee cho gởi ở ngoài đó. Remitly nó ở đó bao nhiêu năm rồi có phải lừa đâo gi đâu tai bà kg biet xài đó",1781336257
tt_7598462288365980935_7601438381860619028,tt_7598462288365980935,mommykae_babyshop,น่าจะเป็นทุกคน จ่ายปุ๊บระงับปั๊บ,1781336257
tt_7598462288365980935_7600327068921266965,tt_7598462288365980935,watcharachai_chusri,มันเชคบูโรครับ ดูจากสินเชื่ออื่นๆที่มี ถ้ามีจ่ายช้าหรือค้างชำระจากสินเชื่ออื่นๆ TikTok pay later จะระงับ,1781336257
tt_7598462288365980935_7600261600578110228,tt_7598462288365980935,nnnn_nnkwan,ของเราเพิ่งโดนเมื่อเช้าเลยค่ะ กดยกเลิกสินค้า เพราะร้านส่งช้ามาก 3วันแล้วไม่ส่งสักที เลยกดยกเลิกจะไปสั่งร้านอื่น โดนระงับซะงั้น,1781336257
tt_7598462288365980935_7600387558161269511,tt_7598462288365980935,warunee_3,เราโดนมาสองเดือนแล้วค่ะทั้งๆที่ไม่ใช่ความผิดเรา เป็นความผิกร้านค้า ที่ไม่ส่งของมา และกดยกเลิกเรา.กลายเป็นโดนบล้อคเฉย. ทำได้แค่จ่ายตามรอบย่างเดียวเลย ทั้งๆที่มีวงเงินเป็น หมื่นๆแต่ใช้ไม่ได้😢😢,1781336257
tt_7598462288365980935_7622610798229570322,tt_7598462288365980935,nook.com22,เป็นเหมือนกันเลยค่ะ พึ่งสมัคผ่าน แต่ใช้ไม่ได้😳,1781336257
tt_7598462288365980935_7621962057332359952,tt_7598462288365980935,tftfcha,เมื่อวานใช้ได้วันนี้ใช้ไม่ได้ งง,1781336257
tt_7598462288365980935_7598888198333432594,tt_7598462288365980935,02.04.05n,ทางนี้หน้าสินค้าขึ้นให้ผ่อน พอจะกดผ่อนผ่อนไม่ได้งงเลย มีวิธีแก้ไหมงับ,1781336257
tt_7598462288365980935_7599708701038396168,tt_7598462288365980935,tigers_maltese,เหมือนกันคะ,1781336257
tt_7598462288365980935_7598487078355632904,tt_7598462288365980935,poppypopwanida,ของเราโดน3วันค่ะ,1781336257
tt_7598462288365980935_7600627793689805576,tt_7598462288365980935,warapornwara7,เราคือ1ในนั้น,1781336257
tt_7598462288365980935_7599851398943638280,tt_7598462288365980935,aaaaaaaaaaaaom24nov,ทางนี้โดนมา 3 เดือนแล้วค่ะ ยังใช้ไม่ได้เลย 😂 ไม่มียอดค้าง ไม่มียอดที่ต้องผ่อนแล้วด้วย ก็ยังใช้ไม่ได้ 😅,1781336257
tt_7598462288365980935_7621510794794271508,tt_7598462288365980935,fluke_ratcha,ของผมพึ่งสมัคคผ่านก็ใช้ไม่ได่,1781336257
tt_7598462288365980935_7600467716843143956,tt_7598462288365980935,sukayapat,เลื่อนมาละ 3รอบ ครบ1 เดือน ก้อยังใช้ไม่ได้ ทั้งๆที่วงเงินก้อมี เซ็ง,1781336257
tt_7598462288365980935_7600662665949823745,tt_7598462288365980935,mylil_tt,จะเข้าเดือนที่ 2 แล้วค่ะ,1781336257
tt_7598462288365980935_7609980238207763217,tt_7598462288365980935,lovelessperson17,ของเราโดนเกือบเดือนค่ะ,1781336257
tt_7598462288365980935_7645616948692271890,tt_7598462288365980935,farsaifarsai09,ทางนี้เพิ่งลงทะเบียนใช้ได้สองอาทิตย์อยู่ดีๆก็ระงับทั้งทั้งที่ยังไม่ถึงยอดเดียวกันจ่ายเงินเดือนแรกเลยและลองจ่ายเงินเดือนแรกทั้งทั้งที่ครบกำหนดวันที่หนึ่งแต่จ่ายวันนี้วันที่ 30 และทำตามใน TikTok บอกก็ยังใช้ไม่ได้,1781336257
tt_7598462288365980935_7600280639628231431,tt_7598462288365980935,yuyyuychalinee,เหมือนกันค่ะ จะ 3 เดือนแล้ว,1781336257
tt_7598462288365980935_7604332908618990357,tt_7598462288365980935,nantidlb664296,ของเราเป็นมา2วันแล้ว ยังใช้ไม่ได้,1781336257
tt_7598462288365980935_7603987576060019476,tt_7598462288365980935,noonui33,เหมือนกันค่ะทักไปให้คำตอบไม่ได้ สงสัยระงับถาวร,1781336257
tt_7598462288365980935_7601520047497397013,tt_7598462288365980935,noomuy5,โดนระงับจะเดือนแล้วบิลรอบใหม่จ่ายแล้วยังระงับอยู่เลยว่าจะไม่ใช้แล้วช๊อปปี้ดีกว่าวงเงินเยอะกว่าด้วย,1781336257
tt_7580623877265427724_7594842167161422610,tt_7580623877265427724,swipe_to_zero,"Actually, Apple Pay does work in Thailand, but you need to understand how payments work here.
Most shops use EDC terminals, so the key thing to look for is the Visa or Mastercard logo.
If you see those logos, it usually means contactless tap-to-pay is supported, including Apple Pay and Google Pay (Mobile NFC).
In shopping malls and major chains, card payments are widely accepted — places like KFC, McDonald’s, food courts in malls, gas stations, and many other stores.
At gas stations or regular shops with EDC machines, just say “credit card” or “debit card.”
Once the staff enters the amount, you can tap your phone or watch. Apple Pay works the same as a physical card.
⚠️Important tip:
Do NOT say “Apple Pay” or “Google Pay” in small or local shops.
Many staff are not familiar with those terms because Mobile NFC is still not heavily promoted in Thailand, and most shops don’t display Apple Pay / Google Pay logos.
If the machine supports tap-to-pay, it doesn’t matter whether you tap a physical card or Apple Pay — it’s the same system.
For convenience stores and small supermarkets, Mobile NFC often works with no minimum spend at places like
Lotus’s Go Fresh, Lawson 108, CJ More, Big C Mini, Tops Daily, Daily Queen, pharmacies, and many others.
However, always ask before paying:
•	Do you accept cards?
•	Is there a minimum spend?
•	Is there any surcharge?
Some shops may charge an extra around 2% per card/tap transaction, while others do not.
For 7-Eleven Thailand, there is usually a 200 THB minimum. Just say “credit card, tap”, and after the amount is entered, you can use Apple Pay.
In international brand stores like Supersports, Nike, JD Sports, support is clear, and you can say Apple Pay directly without any issue.
On the other hand, street food stalls and small local shops usually accept QR payments or cash only.
Even inside malls, some small booth-style shops still don’t accept cards.
Bottom line:
Apple Pay is usable in Thailand — you just need to look for Visa/Mastercard logos, say “credit/debit card,” and don’t rely on Apple Pay alone. 💳📱",1781336257
tt_7580623877265427724_7585780229659034390,tt_7580623877265427724,nerol_29,Would you have to top up true money with cash at a 711 for foreigners?,1781336257
tt_7580623877265427724_7605281982864507670,tt_7580623877265427724,paulbanfield6,Can you top up from uk bank account?,1781336257
tt_7580623877265427724_7619625673258304263,tt_7580623877265427724,quantumgrande,TRUEMONEY,1781336257
tt_7580623877265427724_7580722785875919637,tt_7580623877265427724,chaiyanoncharoens5,most of daily scanning are personal account.,1781336257
tt_7580623877265427724_7580679688995390215,tt_7580623877265427724,blackbeer666,TRUEMONEY,1781336257
fb_1404197058526755_Y29tbWVudDoxNDA0MTk3MDU4NTI2NzU1XzI0NzUxOTgzMzk1NjgwNzg=,fb_1404197058526755,Diamond Hà,Zalopay ko ra game world cup à?,1781336257
fb_1404197058526755_Y29tbWVudDoxNDA0MTk3MDU4NTI2NzU1XzE1OTkwOTg5ODgzOTY5MjA=,fb_1404197058526755,Thanh Thảo,share về cho bồ,1781336257
fb_1404197058526755_Y29tbWVudDoxNDA0MTk3MDU4NTI2NzU1XzIxNzA1MTkzODA0NjY3NzU=,fb_1404197058526755,Vương Phụng Yến,chu đáo quá môm,1781336257
fb_1403976095215518_Y29tbWVudDoxNDAzOTc2MDk1MjE1NTE4XzM0NTk5NzczNzQxNzc2MjA=,fb_1403976095215518,Trang Pham,Ib ạ,1781336257